U25;Ruling Cabinet - Start;Name;Start Year;End Year;Retirement Year;Ideology;Personality;Loyalty;Picturename;X
;Replacements;;;;;;;;;X
61000;Head of State;Ruth Fischer;1936;1960;1999;ST;Autocratic Charmer;High;MRuth_Fischer;X
61001;Head of Government;Gero Erno;1945;1970;1999;ST;Totalist Chairman;High;M21093;X
61002;Head of Military Intelligence;Gero Erno;1941;1968;1999;ST;Counterintelligence Specialist;High;M21093;X
61003;Head of State;Franz Marek;1954;1970;1999;ST;Totalist President;High;MFranz_Marek;X
61004;Head of Government;Franz Marek;1946;1970;1999;ST;Totalist Chairman;High;MFranz_Marek;X
61005;Head of State;Alfred Klahr;1954;1970;1999;LE;Die-hard Reformer;High;M23033;X
61006;Foreign Minister;Alfred Klahr;1940;1970;1999;LE;Ideological Crusader;High;M23033;X
61007;Head of State;Bohumir Smeral;1920;1941;1999;LWR;Weary Stiffneck;High;MBohumir_Smeral;X
61008;Foreign Minister;Bohumir Smeral;1920;1941;1999;LWR;Apologetic Clerk;High;MBohumir_Smeral;X
61009;Head of State;Friedrich Adler;1920;1954;1999;LWR;Die-hard Reformer;High;MFriedrich_Adler;X
61010;Head of State;Karl Kreibich;1925;1958;1999;LWR;Pig-headed Isolationist;High;MKarl_Kreibich;X
61011;Foreign Minister;Karl Kreibich;1936;1953;1999;LWR;Ideological Crusader;High;MKarl_Kreibich;X
61012;Head of State;Gottlieb Fiala;1936;1970;1999;LWR;Weary Stiffneck;High;MGottlieb_Fiala;X
61013;Head of State;Josef Teufl;1954;1970;1999;LWR;Die-hard Reformer;High;M23047;X
61014;Head of Government;Josef Teufl;1954;1970;1999;LWR;Ambitious Union Boss;High;M23047;X
61015;Head of State;Buchinger Manó;1936;1950;1999;SD;Die-hard Reformer;High;MBuchinger_Mano;X
61016;Foreign Minister;Buchinger Manó;1919;1950;1999;SD;Biased Intellectual;High;MBuchinger_Mano;X
61017;Head of State;S.K.u.K.M. Karl I von Habsburg;1916;1941;1999;SC;Die-hard Reformer;High;MKarl_von_Habsburg;X
61018;Head of State;S.K.u.K.M. Karl I von Habsburg;1916;1941;1999;FA;Die-hard Reformer;High;MKarl_von_Habsburg;X
61019;Head of State;S.K.u.K.M. Maria II von Romanov;1936;1964;1999;SC;Russian Aristocrat;High;kaiserreich mariaII;X
61020;Head of State;S.K.u.K.M. Maria II von Romanov;1936;1964;1999;FA;Russian Aristocrat;High;kaiserreich mariaII;X
61021;Head of State;S.K.u.K.M. Otto I von Habsburg;1936;1970;1999;SL;Young Kaiser;High;kaiserreich ottoivh;X
61022;Head of State;S.K.u.K.M. Otto I von Habsburg;1936;1970;1999;SC;Young Kaiser;High;kaiserreich ottoivh;X
61023;Head of State;S.K.u.K.M. Otto I von Habsburg;1936;1970;1999;PA;Young Kaiser;High;kaiserreich ottoivh;X
61024;Head of Government;Johann Koplenig;1936;1969;1999;LE;Happy Amateur;High;MJohann_Koplenig;X
61025;Head of Government;Jonas Stern;1945;1969;1999;LE;Political Protege;High;MJonas_Leib_Stern;X
61026;Minister of Armament;Jonas Stern;1938;1969;1999;LE;Theoretical Scientist;High;MJonas_Leib_Stern;X
61027;Head of Government;Willi Frank;1945;1970;1999;LE;Happy Amateur;High;M23035;X
61028;Foreign Minister;Willi Frank;1936;1970;1999;LE;Iron Fisted Brute;High;M23035;X
61029;Minister of Security;Willi Frank;1945;1970;1999;LE;Crime Fighter;High;M23035;X
61030;Head of Government;Franz Koritschoner;1936;1954;1999;LWR;Naive Optimist;High;MFranz_Koritschoner;X
61031;Foreign Minister;Franz Koritschoner;1930;1954;1999;LWR;Ideological Crusader;High;MFranz_Koritschoner;X
61032;Head of Government;Richard Bernaschek;1936;1962;1999;LWR;Silent Workhorse;High;M23038;X
61033;Head of Military Intelligence;Richard Bernaschek;1936;1962;1999;LWR;Technical Specialist;High;M23038;X
61034;Chief of Army;Richard Bernaschek;1936;1962;1999;LWR;Combat Engineering Doctrine;High;M23038;X
61035;Head of Government;Joseph Buttinger;1946;1970;1999;LWR;Naive Optimist;High;MJoseph_Buttinger;X
61036;Foreign Minister;Joseph Buttinger;1941;1970;1999;LWR;Biased Intellectual;High;MJoseph_Buttinger;X
61037;Head of Government;Bruno Pittermann;1946;1970;1999;LWR;Backroom Backstabber;High;MBruno_Pittermann;X
61038;Foreign Minister;Bruno Pittermann;1946;1970;1999;LWR;Biased Intellectual;High;MBruno_Pittermann;X
61039;Head of Government;Karl Renner;1936;1951;1999;SD;Silent Workhorse;High;M23021;X
61040;Minister of Security;Karl Renner;1936;1945;1999;SD;Silent Lawyer;High;M23021;X
61041;Head of Government;Theodor Körner von Siegringen;1938;1957;1999;SD;Respected War Hero;High;LTheodor_Korner2;X
61042;Minister of Armament;Theodor Körner von Siegringen;1923;1948;1999;SD;Reformer;High;LTheodor_Korner;X
61043;Head of Military Intelligence;Theodor Körner von Siegringen;1923;1943;1999;SD;Logistics Specialist;High;LTheodor_Korner;X
61044;Chief of Staff;Theodor Körner von Siegringen;1923;1943;1999;SD;School of Psychology;High;LTheodor_Korner;X
61045;Head of Government;Johann Böhm;1936;1959;1999;SD;Ambitious Union Boss;High;MJohann_Bohm;X
61046;Head of Government;Adolf Schärf;1945;1965;1999;SD;Naive Optimist;High;M23022;X
61047;Foreign Minister;Adolf Schärf;1936;1965;1999;SD;Biased Intellectual;High;M23022;X
61048;Head of Government;Wenzel Jaksch;1940;1970;1999;SD;Flamboyant Tough Guy;High;MWenzel_Jaksch;X
61049;Minister of Security;Wenzel Jaksch;1938;1966;1999;SD;Back Stabber;High;MWenzel_Jaksch;X
61050;Head of Government;Ernst Paul;1946;1970;1999;SD;Naive Optimist;High;MErnst_Paul;X
61051;Foreign Minister;Ernst Paul;1942;1967;1999;SD;The Cloak N Dagger Schemer;High;MErnst_Paul;X
61052;Head of Government;Bruno Kreisky;1953;1970;1999;SD;Pragmatic Statesman;High;MBruno_Kreisky;X
61053;Foreign Minister;Bruno Kreisky;1953;1970;1999;SD;Great Compromiser;High;MBruno_Kreisky;X
61054;Head of Government;Josip Vilfan;1936;1955;1999;SL;Pragmatic Statesman;High;MJosip_Vilfan;X
61055;Foreign Minister;Josip Vilfan;1921;1948;1999;SL;Great Compromiser;High;MJosip_Vilfan;X
61056;Head of Government;Leopold Figl;1945;1965;1999;SL;Pragmatic Statesman;High;M23045;X
61057;Foreign Minister;Leopold Figl;1936;1965;1999;SL;Great Compromiser;High;M23045;X
61058;Head of Government;Andrej Gosar;1941;1970;1999;SL;Ambitious Union Boss;High;MAndrej_Gosar;X
61059;Minister of Security;Andrej Gosar;1927;1962;1999;SL;Man of the People;High;MAndrej_Gosar;X
61060;Head of Government;Kovács Imre;1954;1970;1999;SL;Silent Workhorse;High;MKovacs_Imre;X
61061;Minister of Armament;Kovács Imre;1947;1970;1999;SL;Mixed Economy;High;MKovacs_Imre;X
61062;Foreign Minister;Kovács Imre;1949;1970;1999;SL;Ideological Crusader;High;MKovacs_Imre;X
61063;Head of Government;Stanislaw Kot;1940;1964;1999;ML;Political Protege;High;MStanislaw_Kot;X
61064;Minister of Security;Stanislaw Kot;1936;1964;1999;ML;Back Stabber;High;MStanislaw_Kot;X
61065;Head of Government;Karl Hartleb;1936;1965;1999;ML;Corporate Suit;High;kai_auskrlhrtlb;X
61066;Head of Government;Sulyok Dezso;1948;1965;1999;ML;Silent Workhorse;High;MSulyok_Dezso;X
61067;Minister of Security;Sulyok Dezso;1943;1965;1999;ML;Crime Fighter;High;MSulyok_Dezso;X
61068;Head of Government;Vratislav Busek;1948;1970;1999;ML;Naive Optimist;High;MVratislav_Busek;X
61069;Minister of Security;Vratislav Busek;1942;1970;1999;ML;Crime Fighter;High;MVratislav_Busek;X
61070;Head of Government;Stanislaw Ostrowski;1950;1970;1999;ML;Pragmatic Statesman;High;MStanislaw_Ostrowski;X
61071;Minister of Security;Stanislaw Ostrowski;1940;1962;1999;ML;Health and Safety;High;MStanislaw_Ostrowski;X
61072;Head of Government;Kovács Béla;1950;1970;1999;ML;Ambitious Union Boss;High;MKovacs_Bela;X
61073;Minister of Security;Kovács Béla;1948;1970;1999;ML;Man of the People;High;MKovacs_Bela;X
61074;Head of Government;Herbert Alois Kraus;1952;1970;1999;ML;Naive Optimist;High;kai_aushrbtalskrs;X
61075;Head of Government;Johann Staud;1930;1942;1999;SC;Backroom Backstabber;High;MJohann_Staud;X
61076;Head of Government;Witold Czartoryski;1936;1945;1999;SC;Silent Workhorse;High;MWitold_Leon_Czartoryski;X
61077;Head of Government;Vinko Kriskovic;1936;1952;1999;SC;Silent Workhorse;High;MVinko_Kriskovic;X
61078;Head of Government;Adolf Hruby;1939;1957;1999;SC;Naive Optimist;High;MAdolf_Hruby;X
61079;Head of Government;Hans Rott;1942;1960;1999;SC;Happy Amateur;High;MHans_Rott;X
61080;Foreign Minister;Hans Rott;1938;1960;1999;SC;Apologetic Clerk;High;MHans_Rott;X
61081;Head of Government;Erwin Zajicek;1944;1970;1999;SC;Pragmatic Statesman;High;MErwin_Zajicek;X
61082;Foreign Minister;Erwin Zajicek;1936;1970;1999;SC;Great Compromiser;High;MErwin_Zajicek;X
61083;Head of Government;Kazimierz Jerzy Czartoryski;1945;1970;1999;SC;Happy Amateur;High;MKazimierz_Jerzy_Czartoryski;X
61084;Head of Government;Nagy Ferenc;1945;1970;1999;SC;Ambitious Union Boss;High;M21012;X
61085;Foreign Minister;Nagy Ferenc;1943;1970;1999;SC;Great Compromiser;High;M21012;X
61086;Head of Government;Barankovics István;1949;1970;1999;SC;Pragmatic Statesman;High;MBarankovics_Istvan;X
61087;Minister of Security;Barankovics István;1946;1970;1999;SC;Man of the People;High;MBarankovics_Istvan;X
61088;Head of Government;Apponyi II. György Alexander;1950;1970;1999;SC;Naive Optimist;High;MApponyi_Gyorgy_Alexander;X
61089;Foreign Minister;Apponyi II. György Alexander;1944;1970;1999;SC;Biased Intellectual;High;MApponyi_Gyorgy_Alexander;X
61090;Head of Government;Erwin Altenburger;1954;1970;1999;SC;Pragmatic Statesman;High;MErwin_Altenburger;X
61091;Minister of Security;Erwin Altenburger;1946;1970;1999;SC;Man of the People;High;MErwin_Altenburger;X
61092;Head of Government;Josef Klaus;1960;1970;1999;SC;Silent Workhorse;High;MJosef_Klaus;X
61093;Minister of Armament;Josef Klaus;1954;1970;1999;SC;Balanced Budget Economy;High;MJosef_Klaus;X
61094;Head of Government;Bethlen István;1921;1945;1999;PA;Political Protege;High;kaiserreich Bethlen;X
61095;Foreign Minister;Bethlen István;1921;1945;1999;PA;The Cloak N Dagger Schemer;High;kaiserreich Bethlen;X
61096;Head of Government;Ernst Streer von Streeruwitz;1930;1950;1999;PA;Corporate Suit;High;MErnst_Streeruwitz;X
61097;Head of Government;Ernst Karl Winter;1940;1958;1999;PA;Pragmatic Statesman;High;MErnst_Karl_Winter;X
61098;Foreign Minister;Ernst Karl Winter;1936;1958;1999;PA;Great Compromiser;High;MErnst_Karl_Winter;X
61099;Head of Government;Rudolf Lodgman von Auen;1936;1960;1999;PA;Naive Optimist;High;MRudolf_Lodgman_vonAuen;X
61100;Foreign Minister;Rudolf Lodgman von Auen;1936;1960;1999;PA;Apologetic Clerk;High;MRudolf_Lodgman_vonAuen;X
61101;Head of Government;Julius Raab;1945;1964;1999;PA;Pragmatic Statesman;High;M23004;X
61102;Minister of Armament;Julius Raab;1938;1964;1999;PA;Administrative Genius;High;M23004;X
61103;Head of Military Intelligence;Julius Raab;1936;1964;1999;PA;Industrial Specialist;High;M23004;X
61104;Head of Government;Kállay Miklós;1936;1967;1999;PA;Political Protege;High;M21057;X
61105;Minister of Security;Kállay Miklós;1936;1962;1999;PA;Compassionate Gentleman;High;M21057;X
61106;Head of Government;Varga Béla;1947;1970;1999;PA;Pragmatic Statesman;High;MVarga_Bela;X
61107;Foreign Minister;Varga Béla;1943;1970;1999;PA;Ideological Crusader;High;MVarga_Bela;X
61108;Head of Government;Alfons Gorbach;1954;1970;1999;PA;Backroom Backstabber;High;MAlfons_Gorbach;X
61109;Head of Government;Willibald Plöchl;1958;1970;1999;PA;Naive Optimist;High;MWillibald_Plochl;X
61110;Minister of Security;Willibald Plöchl;1951;1970;1999;PA;Silent Lawyer;High;MWillibald_Plochl;X
61111;Head of Government;Hans Schütz;1960;1970;1999;PA;Ambitious Union Boss;High;MHans_Schutz;X
61112;Minister of Security;Hans Schütz;1940;1970;1999;PA;Compassionate Gentleman;High;MHans_Schutz;X
61113;Head of Government;Sigray Antal;1934;1947;1999;FA;Political Protege;High;MSigray_Antal;X
61114;Head of Government;Edmund Glaise von Horstenau;1936;1957;1999;FA;Old General;High;M23050;X
61115;Foreign Minister;Edmund Glaise von Horstenau;1936;1957;1999;FA;General Staffer;High;M23050;X
61116;Minister of Security;Edmund Glaise von Horstenau;1936;1957;1999;FA;Efficient Sociopath;High;M23050;X
61117;Head of Military Intelligence;Edmund Glaise von Horstenau;1934;1957;1999;FA;Dismal Enigma;High;M23050;X
61118;Head of Government;Eckhardt Tibor;1936;1970;1999;FA;Backroom Backstabber;High;MEckhardt_Tibor;X
61119;Foreign Minister;Eckhardt Tibor;1936;1958;1999;FA;Iron Fisted Brute;High;MEckhardt_Tibor;X
61120;Head of Government;Kurt von Schuschnigg;1936;1970;1999;FA;Silent Workhorse;High;M23002;X
61121;Minister of Security;Kurt von Schuschnigg;1936;1970;1999;FA;Efficient Sociopath;High;M23002;X
61122;Head of Military Intelligence;Kurt von Schuschnigg;1936;1970;1999;FA;Political Specialist;High;M23002;X
61123;Foreign Minister;Münnich Ferenc;1936;1961;1999;ST;General Staffer;High;MMunnich_Ferenc;X
61124;Minister of Security;Münnich Ferenc;1936;1951;1999;ST;Secret Police Chief;High;MMunnich_Ferenc;X
61125;Foreign Minister;Gerhart Eisler;1936;1968;1999;ST;Iron Fisted Brute;High;MGerhart_Eisler;X
61126;Minister of Security;Gerhart Eisler;1936;1968;1999;ST;Prince of Terror;High;MGerhart_Eisler;X
61127;Foreign Minister;Siegfried 'Friedl' Fürnberg;1936;1970;1999;ST;Ideological Crusader;High;MSiegfried_Friedl_Furnberg;X
61128;Foreign Minister;Szántó Béla;1919;1951;1999;LWR;Ideological Crusader;High;MSzanto_Bela;X
61129;Head of Military Intelligence;Szántó Béla;1919;1951;1999;LWR;Dismal Enigma;High;MSzanto_Bela;X
61130;Foreign Minister;Alpári Gyula;1920;1952;1999;LWR;The Cloak N Dagger Schemer;High;MAlpari_Gyula;X
61131;Head of Military Intelligence;Alpári Gyula;1920;1952;1999;LWR;Political Specialist;High;MAlpari_Gyula;X
61132;Foreign Minister;Sík Endre;1940;1961;1999;LWR;Great Compromiser;High;MSik_Endre;X
61133;Foreign Minister;Molnár Erik;1947;1964;1999;LWR;Great Compromiser;High;M21079;X
61134;Minister of Security;Molnár Erik;1945;1964;1999;LWR;Man of the People;High;M21079;X
61135;Foreign Minister;Szilágyi Dezso;1949;1967;1999;LWR;Ideological Crusader;High;MSzilagyi_Dezso;X
61136;Foreign Minister;Manfred Ackermann;1940;1970;1999;LWR;Ideological Crusader;High;MManfred_Ackermann;X
61137;Foreign Minister;Berei Andor;1948;1970;1999;LWR;Biased Intellectual;High;MBerei_Andor;X
61138;Minister of Armament;Berei Andor;1947;1970;1999;LWR;Planned Economy Proponent;High;MBerei_Andor;X
61139;Foreign Minister;Walter Wodak;1954;1970;1999;LWR;Great Compromiser;High;MWalter_Wodak;X
61140;Foreign Minister;Karl Seitz;1936;1950;1999;SD;Great Compromiser;High;MKarl_Josef_Seitz;X
61141;Foreign Minister;Dorota Kluszynska;1926;1952;1999;SD;Ideological Crusader;High;MDorota_Kluszynska;X
61142;Minister of Security;Dorota Kluszynska;1926;1952;1999;SD;Health and Safety;High;MDorota_Kluszynska;X
61143;Foreign Minister;Frederick Hertz;1933;1964;1999;SD;Great Compromiser;High;MFrederick_Otto_Hertz;X
61144;Minister of Security;Frederick Hertz;1933;1964;1999;SD;Man of the People;High;MFrederick_Otto_Hertz;X
61145;Foreign Minister;Rosa Jochmann;1945;1970;1999;SD;Great Compromiser;High;MRosa_Jochmann;X
61146;Foreign Minister;Bibó István;1947;1970;1999;SD;Great Compromiser;High;MBibo_Istvan;X
61147;Minister of Security;Bibó István;1947;1970;1999;SD;Silent Lawyer;High;MBibo_Istvan;X
61148;Foreign Minister;Karl Czernetz;1952;1970;1999;SD;Biased Intellectual;High;MKarl_Czernetz;X
61149;Foreign Minister;Hertha Firnberg;1955;1970;1999;SD;Ideological Crusader;High;MHertha_Firnberg;X
61150;Minister of Security;Hertha Firnberg;1955;1970;1999;SD;Silent Lawyer;High;MHertha_Firnberg;X
61151;Head of Military Intelligence;Hertha Firnberg;1949;1970;1999;SD;Industrial Specialist;High;MHertha_Firnberg;X
61152;Foreign Minister;Gustav Stolper;1930;1947;1999;SL;Apologetic Clerk;High;MGustav_Stolper;X
61153;Minister of Armament;Gustav Stolper;1930;1947;1999;SL;Laissez-Faire Capitalist;High;MGustav_Stolper;X
61154;Foreign Minister;Szmazsenka Jeno;1925;1950;1999;SL;The Cloak N Dagger Schemer;High;MNandor_Taroczy;X
61155;Head of Military Intelligence;Szmazsenka Jeno;1925;1950;1999;SL;Dismal Enigma;High;MNandor_Taroczy;X
61156;Foreign Minister;Jakabffy Elemér;1936;1951;1999;SL;Great Compromiser;High;MJakabffy_Elemer;X
61157;Foreign Minister;Karl Peyerl;1940;1958;1999;SL;General Staffer;High;LKarl_Peyerl;X
61158;Head of Military Intelligence;Karl Peyerl;1940;1958;1999;SL;Logistics Specialist;High;LKarl_Peyerl;X
61159;Foreign Minister;Mihajlo Rostohar;1936;1966;1999;SL;Biased Intellectual;High;MMihajlo_Rostohar;X
61160;Minister of Security;Mihajlo Rostohar;1936;1966;1999;SL;Man of the People;High;MMihajlo_Rostohar;X
61161;Foreign Minister;Erich Bielka von Karltreu;1950;1970;1999;SL;Biased Intellectual;High;MErich_Bielka;X
61162;Foreign Minister;Manfred Lachs;1955;1970;1999;SL;Great Compromiser;High;MManfred_Lachs;X
61163;Minister of Security;Manfred Lachs;1950;1970;1999;SL;Silent Lawyer;High;MManfred_Lachs;X
61164;Foreign Minister;Rudolf Andorka (Rezso);1938;1956;1999;ML;The Cloak N Dagger Schemer;High;MRudolf_Andorka_Rezso;X
61165;Head of Military Intelligence;Rudolf Andorka (Rezso);1938;1956;1999;ML;Dismal Enigma;High;MRudolf_Andorka_Rezso;X
61166;Foreign Minister;Engelbert Besednjak;1936;1968;1999;ML;Ideological Crusader;High;MEngelbert_Besednjak;X
61167;Foreign Minister;Viktor von Seiller;1936;1969;1999;ML;Apologetic Clerk;High;MViktor_Seiller;X
61168;Head of Military Intelligence;Viktor von Seiller;1936;1969;1999;ML;Political Specialist;High;MViktor_Seiller;X
61169;Foreign Minister;Karl Gruber;1946;1970;1999;ML;Biased Intellectual;High;M23023;X
61170;Foreign Minister;Kertész István;1951;1970;1999;ML;Great Compromiser;High;MKertesz_Istvan;X
61171;Foreign Minister;Hantos Elemér;1918;1942;1999;SC;Ideological Crusader;High;MElemer_Hantos;X
61172;Minister of Armament;Hantos Elemér;1918;1942;1999;SC;Administrative Genius;High;MElemer_Hantos;X
61173;Foreign Minister;Robert von Mayr-Harting;1936;1944;1999;SC;Great Compromiser;High;MRobert_Mayr-Harting;X
61174;Minister of Security;Robert von Mayr-Harting;1936;1944;1999;SC;Crime Fighter;High;MRobert_Mayr-Harting;X
61175;Foreign Minister;Theodor Haselmayr von Fernstein;1936;1950;1999;SC;General Staffer;High;L2714;X
61176;Minister of Armament;Theodor Haselmayr von Fernstein;1936;1950;1999;SC;Infantry Proponent;High;L2714;X
61177;Foreign Minister;Georg Albert von und zu Franckenstein;1930;1953;1999;SC;Apologetic Clerk;High;MGeorg_Albert_Franckenstein;X
61178;Foreign Minister;Barcza György;1925;1958;1999;SC;Biased Intellectual;High;MBarcza_Gyorgy;X
61179;Foreign Minister;Miklóssi Ferdinánd Leó;1936;1959;1999;SC;Great Compromiser;High;MMiklossi_Ferdinand_Leo;X
61180;Minister of Armament;Miklóssi Ferdinánd Leó;1940;1959;1999;SC;Laissez-Faire Capitalist;High;MMiklossi_Ferdinand_Leo;X
61181;Foreign Minister;Auer Pál;1924;1965;1999;SC;Great Compromiser;High;MAuer_Pal;X
61182;Minister of Security;Auer Pál;1924;1955;1999;SC;Crime Fighter;High;MAuer_Pal;X
61183;Foreign Minister;Alfred Missong;1950;1965;1999;SC;Ideological Crusader;High;MAlfred_Missong;X
61184;Head of Military Intelligence;Alfred Missong;1945;1965;1999;SC;Political Specialist;High;MAlfred_Missong;X
61185;Foreign Minister;Karl Lugmayer;1944;1970;1999;SC;Biased Intellectual;High;MKarl_Lugmayer;X
61186;Minister of Security;Karl Lugmayer;1944;1970;1999;SC;Compassionate Gentleman;High;MKarl_Lugmayer;X
61187;Foreign Minister;Czupy Bálint;1948;1970;1999;SC;Great Compromiser;High;MCzupy_Balint;X
61188;Foreign Minister;Dessewffy Gyula;1949;1970;1999;SC;Biased Intellectual;High;MDessewffy_Gyula;X
61189;Foreign Minister;Albrecht Dezso;1951;1970;1999;SC;Apologetic Clerk;High;MAlbrecht_Dezso;X
61190;Head of Military Intelligence;Albrecht Dezso;1944;1970;1999;SC;Political Specialist;High;MAlbrecht_Dezso;X
61191;Foreign Minister;Karol Alexandrowicz;1952;1970;1999;SC;Biased Intellectual;High;MKarol_Alexandrowicz;X
61192;Minister of Armament;Karol Alexandrowicz;1948;1970;1999;SC;Bank President;High;MKarol_Alexandrowicz;X
61193;Foreign Minister;Ludwig von Kleinwächter;1936;1951;1999;PA;Biased Intellectual;High;MLudwig_Kleinwachter;X
61194;Foreign Minister;Hermann Neubacher;1940;1960;1999;PA;Great Compromiser;High;MHermann_Neubacher;X
61195;Minister of Armament;Hermann Neubacher;1936;1960;1999;PA;Mixed Economy;High;MHermann_Neubacher;X
61196;Foreign Minister;Egon Berger von Waldenegg;1936;1961;1999;PA;Apologetic Clerk;High;M23003;X
61197;Minister of Security;Egon Berger von Waldenegg;1936;1961;1999;PA;Silent Lawyer;High;M23003;X
61198;Foreign Minister;Richard von Coudenhove-Kalergi;1936;1970;1999;PA;Ideological Crusader;High;MRichard_von_Coudenhove-Kalergi;X
61199;Foreign Minister;Rupert Roth;1946;1970;1999;PA;Apologetic Clerk;High;MRupert_Roth;X
61200;Minister of Armament;Rupert Roth;1946;1970;1999;PA;Resource Industrialist;High;MRupert_Roth;X
61201;Foreign Minister;Martin Fuchs;1948;1970;1999;PA;Biased Intellectual;High;MMartin_Fuchs;X
61202;Foreign Minister;Heinrich Jordis von Lohausen;1955;1970;1999;PA;General Staffer;High;MHeinrich_Jordis-Lohausen;X
61203;Foreign Minister;Friedrich von Wiesner;1919;1946;1999;FA;Ideological Crusader;High;MFriedrich_Wiesner;X
61204;Foreign Minister;Agenor Maria Joachim Goluchowski;1936;1951;1999;FA;Apologetic Clerk;High;MAgenor_Maria_Joachim_Goluchowski;X
61205;Foreign Minister;Mauritz von Wiktorin;1934;1957;1999;FA;General Staffer;High;L353;X
61206;Foreign Minister;Guido Schmidt;1936;1958;1999;FA;The Cloak N Dagger Schemer;High;M23057;X
61207;Foreign Minister;Hermann Aubin;1936;1966;1999;FA;Iron Fisted Brute;High;MHermann_Aubin;X
61208;Foreign Minister;Eduard Baar von Baarenfels;1936;1967;1999;FA;Iron Fisted Brute;High;M23005;X
61209;Minister of Security;Eduard Baar von Baarenfels;1936;1967;1999;FA;Man of the People;High;M23005;X
61210;Minister of Armament;Erwin Puschmann;1940;1970;1999;ST;Infantry Proponent;High;M23034;X
61211;Minister of Security;Erwin Puschmann;1940;1970;1999;ST;Man of the People;High;M23034;X
61212;Minister of Armament;Hevesi Gyula;1936;1960;1999;LE;Theoretical Scientist;High;MHevesi_Gyula;X
61213;Head of Military Intelligence;Hevesi Gyula;1919;1960;1999;LE;Industrial Specialist;High;MHevesi_Gyula;X
61214;Minister of Armament;Margarete Schütte-Lihotzky;1945;1970;1999;LE;Construction Magnate;High;MMargarete_Schutte-Lihotzky;X
61215;Minister of Armament;Karl Waldbrunner;1945;1970;1999;LE;Industrialiser;High;MKarl_Waldbrunner;X
61216;Minister of Armament;Lengyel Gyula;1919;1958;1999;LWR;Planned Economy Proponent;High;MLengyel_Gyula;X
61217;Minister of Armament;Varga Jeno;1919;1962;1999;LWR;Administrative Genius;High;MJeno_Varga;X
61218;Head of Military Intelligence;Varga Jeno;1918;1962;1999;LWR;Industrial Specialist;High;MJeno_Varga;X
61219;Minister of Armament;Alexander Weissberg-Cybulski;1937;1970;1999;LWR;Theoretical Scientist;High;MAlexander_Weissberg-Cybulski;X
61220;Minister of Armament;Otto Mödlagl;1945;1970;1999;LWR;Construction Magnate;High;MOtto_Modlagl;X
61221;Minister of Armament;Eduard März;1955;1970;1999;LWR;Planned Economy Proponent;High;MEduard_Marz;X
61222;Head of Military Intelligence;Eduard März;1950;1970;1999;LWR;Industrial Specialist;High;MEduard_Marz;X
61223;Minister of Armament;Wilhelm Frank;1960;1970;1999;LWR;Resource Industrialist;High;MWilhelm_Frank1916;X
61224;Minister of Armament;Vilem Brodecky;1935;1949;1999;SD;Construction Magnate;High;MVilem_Brodecky;X
61225;Head of Military Intelligence;Vilem Brodecky;1935;1949;1999;SD;Industrial Specialist;High;MVilem_Brodecky;X
61226;Minister of Armament;Stanislaw Pilat;1930;1951;1999;SD;Oil Baron;High;MStanislaw_Pilat;X
61227;Minister of Armament;Richard Freund;1936;1959;1999;SD;Construction Magnate;High;MRichard_Freund;X
61228;Minister of Armament;Josef Macek;1928;1962;1999;SD;Keynesian Economy;High;MJosef_Macek;X
61229;Minister of Armament;Hans Thirring;1938;1964;1999;SD;Theoretical Scientist;High;MHans_Thirring;X
61230;Minister of Armament;Karl Ausch;1937;1970;1999;SD;Administrative Genius;High;MKarl_Ausch;X
61231;Minister of Armament;Roberto Oros di Bartini;1940;1970;1999;SD;Air to Sea Proponent;High;MRoberto_Oros_diBartini;X
61232;Minister of Armament;Franz Rauscher;1946;1970;1999;SD;Planned Economy Proponent;High;MFranz_Rauscher;X
61233;Minister of Armament;Stefan Wirlandner;1947;1970;1999;SD;Keynesian Economy;High;MStefan_Wirlandner;X
61234;Minister of Armament;Alfred Porges;1949;1970;1999;SD;Mixed Economy;High;MAlfred_Porges;X
61235;Minister of Armament;Káldor Miklós;1949;1970;1999;SD;Keynesian Economy;High;MNicholas_Kaldor;X
61236;Minister of Armament;Jócsik Lajos;1949;1970;1999;SD;Mixed Economy;High;MJocsik_Lajos;X
61237;Minister of Armament;Balogh Tamás;1950;1970;1999;SD;Pioneer Of Econometrics;High;MThomas_Balogh;X
61238;Minister of Armament;Franz Nemschak;1955;1970;1999;SD;Pioneer Of Econometrics;High;MFranz_Nemschak;X
61239;Minister of Armament;Stanislaw Herman;1940;1960;1999;SL;Resource Industrialist;High;MStanislaw_Herman;X
61240;Minister of Armament;Josef Dobretsberger;1944;1968;1999;SL;Mixed Economy;High;M23069;X
61241;Minister of Armament;Polányi Mihály;1940;1970;1999;SL;Keynesian Economy;High;MMichael_Polanyi;X
61242;Minister of Security;Polányi Mihály;1940;1970;1999;SL;Health and Safety;High;MMichael_Polanyi;X
61243;Minister of Armament;Wolfgang Stolper;1947;1970;1999;SL;Laissez-Faire Capitalist;High;MWolfgang_Stolper;X
61244;Minister of Armament;Gyulay Zoltán;1948;1970;1999;SL;Oil Baron;High;MGyulay_Zoltan;X
61245;Minister of Armament;Joseph Schumpeter;1919;1950;1999;ML;Mixed Economy;High;MJoseph_Schumpeter;X
61246;Minister of Armament;Carl Vaugoin;1936;1950;1999;ML;Balanced Budget Economy;High;MCarl_Vaugoin;X
61247;Minister of Armament;Ferdinand Cavallar von Grabensprung;1936;1953;1999;ML;Air to Ground Proponent;High;LFerdinand_Cavallar_vonGrabensprung;X
61248;Minister of Armament;Eduard Heinl;1936;1957;1999;ML;Mixed Economy;High;M23024;X
61249;Head of Military Intelligence;Eduard Heinl;1936;1957;1999;ML;Industrial Specialist;High;M23024;X
61250;Minister of Armament;Camillo Castiglioni;1936;1958;1999;ML;Laissez-Faire Capitalist;High;MCamillo_Castiglioni;X
61251;Minister of Armament;Mazalán Pál;1938;1959;1999;ML;Oil Baron;High;MMazalan_Pal;X
61252;Minister of Armament;Eugen Margarétha;1938;1963;1999;ML;Bank President;High;MEugen_Margaretha;X
61253;Minister of Armament;Surányi-Unger Tivadar;1945;1966;1999;ML;Pioneer Of Econometrics;High;MSuranyi-Unger_Tivadar;X
61254;Minister of Armament;Hans Ledwinka;1936;1967;1999;ML;Motorisation Proponent;High;MHans_Ledwinka;X
61255;Minister of Armament;Theodor Hopfner;1936;1970;1999;ML;Air Superiority Proponent;High;MTheodor_Hopfner;X
61256;Minister of Armament;Hermann Franz Mark;1944;1970;1999;ML;Industrial Chemist;High;MHermann_Franz_Mark;X
61257;Minister of Armament;Gyárfás Elemér;1932;1946;1999;SC;Bank President;High;MGyarfas_Elemer;X
61258;Minister of Security;Gyárfás Elemér;1932;1946;1999;SC;Compassionate Gentleman;High;MGyarfas_Elemer;X
61259;Minister of Armament;Viktor Kienböck;1936;1957;1999;SC;Bank President;High;MViktor_Kienbock;X
61260;Minister of Armament;Emil Hickmann;1936;1959;1999;SC;Infantry Proponent;High;LEmil_Hickmann;X
61261;Minister of Armament;Zygmunt Biluchowski;1936;1962;1999;SC;Oil Baron;High;MZygmunt_Biluchowski;X
61262;Minister of Armament;Rudolf Keil;1936;1963;1999;SC;Motorisation Proponent;High;L506175;X
61263;Minister of Armament;Hans Lokscha;1936;1965;1999;SC;Mixed Economy;High;MHans_Lokscha;X
61264;Minister of Armament;Friedrich Stockinger;1936;1968;1999;SC;Construction Magnate;High;M23078;X
61265;Minister of Armament;Georg Stetter;1936;1970;1999;SC;Theoretical Scientist;High;MGeorg_Carl_Stetter;X
61266;Minister of Armament;Hans von Lauda;1936;1970;1999;SC;Industrialiser;High;MHans_Lauda;X
61267;Minister of Armament;Franz Xaver Reimspiess;1940;1970;1999;SC;Tank Proponent;High;MFranz_Xaver_Reimspiess;X
61268;Minister of Armament;Ferdinand 'Ferry' Porsche;1944;1970;1999;SC;Motorisation Proponent;High;MFerdinand_Anton_Ernst_Porsche;X
61269;Minister of Armament;Karl Krejci-Graf;1944;1970;1999;SC;Oil Baron;High;MKarl_Krejci-Graf;X
61270;Minister of Armament;Fritz Bock;1945;1970;1999;SC;Mixed Economy;High;MFritz_Bock;X
61271;Minister of Armament;Günther Burstyn;1936;1945;1999;PA;Tank Proponent;High;MGunther_Adolf_Burstyn;X
61272;Minister of Armament;Karl Leitner;1935;1954;1999;PA;Artillery Proponent;High;L2720;X
61273;Head of Military Intelligence;Karl Leitner;1935;1954;1999;PA;Technical Specialist;High;L2720;X
61274;Minister of Armament;Ludwig Nathaniel von Rothschild;1936;1955;1999;PA;Bank President;High;MLudwig_Nathaniel_Rothschild;X
61275;Minister of Armament;Josef Joham;1936;1959;1999;PA;Bank President;High;MJosef_Joham;X
61276;Minister of Armament;Eugen Sänger;1942;1964;1999;PA;Strategic Air Proponent;High;MEugen_Sanger;X
61277;Minister of Armament;Ludwig Draxler;1936;1970;1999;PA;Military Entrepreneur;High;MLudwig_Draxler;X
61278;Minister of Armament;Heinrich Gleissner;1936;1970;1999;PA;Administrative Genius;High;M23028;X
61279;Minister of Armament;Peter Krauland;1946;1970;1999;PA;Planned Economy Proponent;High;MPeter_Krauland;X
61280;Minister of Armament;Reinhard Kamitz;1948;1970;1999;PA;Balanced Budget Economy;High;MReinhard_Kamitz;X
61281;Minister of Armament;Otto Schöbel;1940;1969;1999;FA;Air Superiority Proponent;High;L2759;X
61282;Minister of Armament;Hans Malzacher;1943;1970;1999;FA;Resource Industrialist;High;MHans_Malzacher;X
61283;Minister of Armament;Grassy József;1943;1959;1999;NS;Infantry Proponent;High;Grassy_Jozsef_hun;X
61284;Minister of Armament;Hans Fischböck;1936;1968;1999;NS;Bank President;High;M23072;X
61285;Minister of Armament;Rudolf Neumayer;1936;1970;1999;NS;Resource Industrialist;High;M23014;X
61286;Minister of Security;Franz Honner;1936;1964;1999;LE;Compassionate Gentleman;High;MFranz_Honner;X
61287;Minister of Security;Ernst Fischer;1936;1970;1999;LE;Media Magnate;High;MErnst_Fischer;X
61288;Minister of Security;Bauer Ervin;1940;1960;1999;LWR;Health and Safety;High;MBauer_Ervin;X
61289;Minister of Security;Viktor Matejka;1944;1970;1999;LWR;Media Magnate;High;MViktor_Matejka;X
61290;Minister of Security;Hoffmann Tibor;1949;1970;1999;LWR;Health and Safety;High;MSzonyi_Tibor;X
61291;Minister of Security;Zdenek V. Tobolka;1920;1944;1999;SD;Media Magnate;High;MZdenek_Vaclav_Tobolka;X
61292;Minister of Security;Emmy Freundlich;1930;1948;1999;SD;Compassionate Gentleman;High;MEmmy_Freundlich;X
61293;Minister of Security;Vojta Benes;1935;1949;1999;SD;Man of the People;High;MVojtech_Benes;X
61294;Minister of Security;Robert Danneberg;1936;1950;1999;SD;Man of the People;High;MRobert_Danneberg;X
61295;Minister of Security;Oskar Helmer;1940;1959;1999;SD;Back Stabber;High;MOskar_Helmer;X
61296;Head of Military Intelligence;Oskar Helmer;1936;1959;1999;SD;Political Specialist;High;MOskar_Helmer;X
61297;Minister of Security;Ferdinand Freund;1945;1961;1999;SD;Health and Safety;High;MFerdinand_Freund;X
61298;Minister of Security;Ludwig Hiermann;1945;1962;1999;SD;Silent Lawyer;High;MLudwig_Hiermann;X
61299;Minister of Security;Hans Frenzel;1942;1966;1999;SD;Health and Safety;High;MHans_Frenzel;X
61300;Minister of Security;Franz Sebek;1945;1970;1999;SD;Compassionate Gentleman;High;M23036;X
61301;Head of Military Intelligence;Franz Sebek;1936;1970;1999;SD;Political Specialist;High;M23036;X
61302;Minister of Security;Karl Maisel;1945;1970;1999;SD;Health and Safety;High;MKarl_Maisel;X
61303;Minister of Security;Rudolf Häuser;1949;1970;1999;SD;Man of the People;High;MRudolf_Hauser;X
61304;Minister of Security;Heinrich Klang;1930;1949;1999;SL;Silent Lawyer;High;MHeinrich_Adalbert_Klang;X
61305;Minister of Security;Otto Tschadek;1945;1969;1999;SL;Silent Lawyer;High;MOtto_Tschadek;X
61306;Minister of Security;Frederick 'Fritz' Lang;1936;1970;1999;SL;Media Magnate;High;MFrederick_Lang;X
61307;Minister of Security;Karl Tuppy;1936;1950;1999;ML;Crime Fighter;High;M23077;X
61308;Minister of Security;Hans Kelsen;1930;1960;1999;ML;Silent Lawyer;High;MHans_Kelsen;X
61309;Minister of Security;Josef Gerö;1945;1964;1999;ML;Crime Fighter;High;MJosef_Gero;X
61310;Minister of Security;Ferdinand Nagl;1944;1970;1999;ML;Silent Lawyer;High;MFerdinand_Nagl;X
61311;Minister of Security;Franziska von Starhemberg;1936;1943;1999;SC;Health and Safety;High;MFranziska_von_Starhemberg;X
61312;Minister of Security;Richard Schmitz;1926;1950;1999;SC;Man of the People;High;MRichard_Schmitz;X
61313;Minister of Security;Emil Schneider;1926;1953;1999;SC;Health and Safety;High;MEmil_Schneider;X
61314;Minister of Security;Eduard Reut-Nicolussi;1921;1958;1999;SC;Silent Lawyer;High;MEduard_Reut-Nicolussi;X
61315;Minister of Security;Kovrig Béla;1945;1962;1999;SC;Compassionate Gentleman;High;MKovrig_Bela;X
61316;Minister of Security;Hans Schmitz;1940;1968;1999;SC;Compassionate Gentleman;High;MHans_Schmitz1897;X
61317;Minister of Security;Alfred Verdross Edler von Drossberg;1945;1970;1999;SC;Silent Lawyer;High;MAlfred_Verdross;X
61318;Minister of Security;Felix Hurdes;1946;1970;1999;SC;Silent Lawyer;High;MFelix_Hurdes;X
61319;Head of Military Intelligence;Felix Hurdes;1944;1970;1999;SC;Political Specialist;High;MFelix_Hurdes;X
61320;Minister of Security;Hans Karl von Zessner-Spitzenberg;1936;1950;1999;PA;Man of the People;High;MHans_Zessner-Spitzenberg;X
61321;Minister of Security;Hans Pernter;1936;1951;1999;PA;Media Magnate;High;MHans_Pernter;X
61322;Minister of Security;Nikola Zvonimir Bjelovucic;1920;1952;1999;PA;Crime Fighter;High;MNikola_Zvonimir_Bjelovucic;X
61323;Minister of Security;Friedrich Funder;1930;1955;1999;PA;Media Magnate;High;MFriedrich_Funder;X
61324;Minister of Security;Ludwig Adamovich Sr.;1936;1956;1999;PA;Crooked Kleptocrat;High;MLudwig_Adamovich_Sr;X
61325;Minister of Security;Lorenz Böhler;1936;1970;1999;PA;Health and Safety;High;MLorenz_Bohler;X
61326;Minister of Security;Franz Hueber;1936;1964;1999;FA;Silent Lawyer;High;MFranz_Hueber;X
61327;Minister of Security;Arthur Seyss-Inquart;1943;1964;1999;FA;Silent Lawyer;High;M58;X
61328;Minister of Security;Maximilian von Hohenberg;1950;1970;1999;FA;Compassionate Gentleman;High;MMaximilian_Hohenberg;X
61329;Minister of Security;Hugo Jury;1936;1952;1999;NS;Prince of Terror;High;MHugo_Jury;X
61330;Minister of Security;Vinzenz Schumy;1936;1962;1999;NS;Man of the People;High;MVinzenz_Schumy;X
61331;Minister of Security;Oswald Menghin;1936;1970;1999;NS;Efficient Sociopath;High;MOswald_Menghin;X
61332;Minister of Security;Alfred Maleta;1941;1970;1999;NS;Silent Lawyer;High;M23073;X
61333;Head of Military Intelligence;Ilona Duczynska;1940;1970;1999;LWR;Political Specialist;High;MIlona_Duczynska-Polanyi;X
61334;Head of Military Intelligence;Adolf Populorum;1945;1970;1999;SD;Industrial Specialist;High;MAdolf_Populorum;X
61335;Head of Military Intelligence;Karl Wolfgang Deutsch;1952;1970;1999;SD;Political Specialist;High;MKarl_Wolfgang_Deutsch;X
61336;Head of Military Intelligence;Erwin von Lahousen;1939;1964;1999;SL;Counterintelligence Specialist;High;MErwin_Heinrich_Rene_Lahousen;X
61337;Head of Military Intelligence;Josef Vichytil;1942;1970;1999;ML;Logistics Specialist;High;LJosef_Vichytil;X
61338;Head of Military Intelligence;Ciril Zebot;1945;1970;1999;ML;Political Specialist;High;MCiril_Zebot;X
61339;Head of Military Intelligence;Johann Adametz;1929;1944;1999;SC;Technical Specialist;High;MJohann_Adametz;X
61340;Head of Military Intelligence;Pokorny Hermann;1920;1947;1999;SC;Technical Specialist;High;Pokorny_Hermann_hun;X
61341;Head of Military Intelligence;Andreas Figl;1936;1967;1999;SC;Dismal Enigma;High;MAndreas_Figl;X
61342;Head of Military Intelligence;Felix Meissner;1938;1970;1999;SC;Technical Specialist;High;LFelix_Meissner;X
61343;Head of Military Intelligence;Karl von Winckler;1946;1970;1999;SC;Industrial Specialist;High;kai_auskrlwnklr;X
61344;Head of Military Intelligence;Zdenko von Paumgartten;1950;1970;1999;SC;Counterintelligence Specialist;High;LZdenko_von_Paumgartten;X
61345;Head of Military Intelligence;Joseph Brauner von Haydringen;1933;1956;1999;PA;Logistics Specialist;High;L820;X
61346;Head of Military Intelligence;Wilhelm von Jenny;1941;1961;1999;PA;Technical Specialist;High;LWilhelm_von_Jenny;X
61347;Head of Military Intelligence;Franz Rudolf;1941;1964;1999;PA;Political Specialist;High;LFranz_Rudolf;X
61348;Head of Military Intelligence;Werner Vogl;1950;1970;1999;PA;Logistics Specialist;High;LWerner_Vogl;X
61349;Head of Military Intelligence;Maximilian Ronge;1936;1953;1999;FA;Counterintelligence Specialist;High;MMaximilian_Ronge;X
61350;Head of Military Intelligence;Wilhelm Gebauer;1936;1957;1999;FA;Logistics Specialist;High;M23006;X
61351;Head of Military Intelligence;Erik von Kuehnelt-Leddihn;1953;1970;1999;FA;Political Specialist;High;MErik_vonKuehnelt-Leddihn;X
61352;Chief of Staff;Julius Deutsch;1919;1954;1999;LWR;School of Defence;High;LJulius_Deutsch;X
61353;Chief of Army;Julius Deutsch;1919;1954;1999;LWR;Static Defence Doctrine;High;LJulius_Deutsch;X
61354;Chief of Navy;Julius Deutsch;1919;1954;1999;LWR;Coastal Defence Doctrine;High;LJulius_Deutsch;X
61355;Foreign Minister;Julius Deutsch;1919;1964;1999;LWR;General Staffer;High;LJulius_Deutsch;X
61356;Chief of Staff;Alexander Eifler von Lobenstedt;1936;1960;1999;LWR;School of Mass Combat;High;LAlexander_Eifler;X
61357;Chief of Army;Alexander Eifler von Lobenstedt;1936;1960;1999;LWR;Guns and Butter Doctrine;High;LAlexander_Eifler;X
61358;Chief of Staff;Szalvay Mihály;1948;1964;1999;LWR;Commando Doctrine Staff;High;Szalvay_Mihaly_hun;X
61359;Chief of Army;Szalvay Mihály;1954;1964;1999;LWR;Commando Doctrine Army;High;Szalvay_Mihaly_hun;X
61360;Chief of Staff;Vladimir Janko;1953;1970;1999;LWR;School of Manoeuvre;High;LVladimir_Janko;X
61361;Chief of Army;Vladimir Janko;1953;1970;1999;LWR;Armoured Spearhead Doctrine;High;LVladimir_Janko;X
61362;Chief of Staff;Karl von Lütgendorf;1947;1970;1999;SD;Commando Doctrine Staff;High;LKarl_Ferdinand_Lutgendorf;X
61363;Chief of Army;Karl von Lütgendorf;1947;1970;1999;SD;Commando Doctrine Army;High;LKarl_Ferdinand_Lutgendorf;X
61364;Chief of Air Force;Karl von Lütgendorf;1947;1970;1999;SD;Vertical Envelopment Doctrine;High;LKarl_Ferdinand_Lutgendorf;X
61365;Head of Military Intelligence;Karl von Lütgendorf;1945;1970;1999;SD;Logistics Specialist;High;LKarl_Ferdinand_Lutgendorf;X
61366;Chief of Staff;Emil Spannocchi;1949;1970;1999;SD;School of Manoeuvre;High;L2719;X
61367;Chief of Army;Emil Spannocchi;1949;1970;1999;SD;Armoured Spearhead Doctrine;High;L2719;X
61368;Minister of Armament;Emil Spannocchi;1949;1970;1999;SD;Reformer;High;L2719;X
61369;Chief of Staff;Bohumir Lenc (Lomsky);1950;1970;1999;SD;School of Psychology;High;LBohumir_Lomsky;X
61370;Chief of Army;Bohumir Lenc (Lomsky);1954;1970;1999;SD;Doctrine of Autonomy;High;LBohumir_Lomsky;X
61371;Minister of Armament;Bohumir Lenc (Lomsky);1950;1970;1999;SD;Reformer;High;LBohumir_Lomsky;X
61372;Chief of Staff;Sólyom László;1952;1970;1999;SD;School of Fire Support;High;LSolyom_Laszlo;X
61373;Chief of Army;Sólyom László;1956;1970;1999;SD;Guns and Butter Doctrine;High;LSolyom_Laszlo;X
61374;Chief of Staff;Szombathelyi Ferenc;1939;1952;1999;SL;School of Psychology;High;Szombathelyi_Ferenc_hun;X
61375;Chief of Army;Szombathelyi Ferenc;1941;1952;1999;SL;Doctrine of Autonomy;High;Szombathelyi_Ferenc_hun;X
61376;Chief of Staff;Emil Liebitzky;1944;1957;1999;SL;School of Psychology;High;LEmil_Liebitzky;X
61377;Foreign Minister;Emil Liebitzky;1938;1961;1999;SL;Great Compromiser;High;LEmil_Liebitzky;X
61378;Head of Military Intelligence;Emil Liebitzky;1938;1961;1999;SL;Political Specialist;High;LEmil_Liebitzky;X
61379;Chief of Staff;Albert Bach;1948;1970;1999;SL;School of Psychology;High;LAlbert_Bach;X
61380;Chief of Army;Albert Bach;1948;1970;1999;SL;Doctrine of Autonomy;High;LAlbert_Bach;X
61381;Chief of Staff;Otakar Richter (Rytir);1958;1970;1999;SL;School of Fire Support;High;LOtakar_Rytir;X
61382;Chief of Army;Otakar Richter (Rytir);1958;1970;1999;SL;Innovative Artillery Officer;High;LOtakar_Rytir;X
61383;Chief of Staff;Jozef Rybak;1930;1947;1999;ML;School of Defence;High;LJozef_Rybak;X
61384;Head of Military Intelligence;Jozef Rybak;1922;1944;1999;ML;Logistics Specialist;High;LJozef_Rybak;X
61385;Chief of Staff;Tadeusz Kutrzeba;1927;1947;1999;ML;School of Manoeuvre;High;L8070;X
61386;Chief of Army;Tadeusz Kutrzeba;1939;1947;1999;ML;Elastic Defence Doctrine;High;L8070;X
61387;Minister of Armament;Tadeusz Kutrzeba;1927;1947;1999;ML;Reformer;High;L8070;X
61388;Chief of Staff;Nagy Vilmos;1937;1949;1999;ML;School of Manoeuvre;High;Nagy_Vilmos_hun;X
61389;Chief of Army;Nagy Vilmos;1940;1949;1999;ML;Decisive Battle Doctrine;High;Nagy_Vilmos_hun;X
61390;Chief of Staff;Johann Kubena;1932;1947;1999;ML;School of Fire Support;High;LJohann_Kubena;X
61391;Chief of Army;Johann Kubena;1932;1947;1999;ML;Decisive Battle Doctrine;High;LJohann_Kubena;X
61392;Chief of Staff;Hárosy Teofil;1942;1958;1999;ML;School of Defence;High;LHarosy_Teofil;X
61393;Chief of Staff;Schmoll Endre;1944;1959;1999;ML;School of Manoeuvre;High;LSchmoll_Endre;X
61394;Chief of Army;Schmoll Endre;1944;1959;1999;ML;Combat Engineering Doctrine;High;LSchmoll_Endre;X
61395;Minister of Armament;Schmoll Endre;1942;1959;1999;ML;Reformer;High;LSchmoll_Endre;X
61396;Chief of Staff;Karl von Wohlgemuth;1950;1970;1999;ML;School of Manoeuvre;High;LKarl_Wohlgemuth;X
61397;Chief of Army;Karl von Wohlgemuth;1950;1970;1999;ML;Armoured Spearhead Doctrine;High;LKarl_Wohlgemuth;X
61398;Minister of Armament;Karl von Wohlgemuth;1950;1970;1999;ML;Tank Proponent;High;LKarl_Wohlgemuth;X
61399;Chief of Staff;Vladimir Soffr;1957;1970;1999;ML;School of Psychology;High;LVladimir_Soffr;X
61400;Minister of Armament;Vladimir Soffr;1949;1970;1999;ML;Reformer;High;LVladimir_Soffr;X
61401;Chief of Staff;Ferdinand Otto Miksche;1950;1970;1999;ML;School of Manoeuvre;High;LFerdinand_Otto_Miksche;X
61402;Head of Military Intelligence;Ferdinand Otto Miksche;1948;1970;1999;ML;Logistics Specialist;High;LFerdinand_Otto_Miksche;X
61403;Chief of Staff;Sigmund Knaus;1924;1944;1999;SC;School of Defence;High;L2766;X
61404;Chief of Staff;Jaroslav Eminger;1939;1951;1999;SC;School of Manoeuvre;High;kai_CZEemgr;X
61405;Chief of Army;Jaroslav Eminger;1939;1951;1999;SC;Armoured Spearhead Doctrine;High;kai_CZEemgr;X
61406;Chief of Staff;Ruszkiczay-Rüdiger Imre;1942;1954;1999;SC;School of Fire Support;High;Ruszkiczay-Rudiger_Imre_hun;X
61407;Chief of Staff;Roman Odzierzynski;1943;1957;1999;SC;School of Fire Support;High;L8084;X
61408;Chief of Air Force;Roman Odzierzynski;1938;1957;1999;SC;Air Defence Doctrine;High;L8084;X
61409;Chief of Staff;Rudolf Towarek;1938;1950;1999;SC;School of Defence;High;L2735;X
61410;Chief of Army;Rudolf Towarek;1938;1950;1999;SC;Guns and Butter Doctrine;High;L2735;X
61411;Chief of Staff;Alfred Jansa von Tannenau;1935;1954;1999;SC;School of Defence;High;L2743;X
61412;Foreign Minister;Alfred Jansa von Tannenau;1935;1954;1999;SC;General Staffer;High;L2743;X
61413;Chief of Staff;Friedrich Krischer von Wehregg;1939;1954;1999;SC;School of Fire Support;High;LFriedrich_Krischer;X
61414;Chief of Staff;Friedrich von Franek;1943;1961;1999;SC;School of Psychology;High;L67;X
61415;Chief of Staff;Johann Mickl;1945;1963;1999;SC;School of Manoeuvre;High;L2724;X
61416;Chief of Army;Johann Mickl;1945;1963;1999;SC;Elastic Defence Doctrine;High;L2724;X
61417;Chief of Staff;Erwin Fussenegger;1947;1970;1999;SC;School of Mass Combat;High;LErwin_Fussenegger;X
61418;Chief of Army;Erwin Fussenegger;1947;1970;1999;SC;Guns and Butter Doctrine;High;LErwin_Fussenegger;X
61419;Chief of Staff;Vaclav Moravek;1949;1970;1999;SC;School of Fire Support;High;LVaclav_Moravek;X
61420;Chief of Army;Vaclav Moravek;1954;1970;1999;SC;Doctrine of Autonomy;High;LVaclav_Moravek;X
61421;Chief of Staff;Alfred von Waldstätten;1922;1942;1999;PA;School of Mass Combat;High;L2745;X
61422;Chief of Staff;Arthur Schiebel;1920;1947;1999;PA;School of Mass Combat;High;LArthur_Schiebel;X
61423;Chief of Staff;Oskar von Englisch-Popparich;1926;1949;1999;PA;School of Manoeuvre;High;LOskar_von_Englisch-Popparich;X
61424;Chief of Staff;Leo Pummerer;1932;1949;1999;PA;School of Fire Support;High;LLeo_Pummerer;X
61425;Chief of Staff;Wilhelm Zehner;1933;1953;1999;PA;School of Mass Combat;High;L2750;X
61426;Chief of Army;Wilhelm Zehner;1933;1953;1999;PA;Decisive Battle Doctrine;High;L2750;X
61427;Minister of Armament;Wilhelm Zehner;1933;1953;1999;PA;Reformer;High;L2750;X
61428;Chief of Staff;Vörös János;1942;1956;1999;PA;School of Manoeuvre;High;Voros_Janos_hun;X
61429;Chief of Army;Vörös János;1944;1956;1999;PA;Decisive Battle Doctrine;High;Voros_Janos_hun;X
61430;Chief of Staff;Alfred von Hubicki;1940;1957;1999;PA;School of Manoeuvre;High;L2741;X
61431;Chief of Army;Alfred von Hubicki;1942;1957;1999;PA;Armoured Spearhead Doctrine;High;L2741;X
61432;Chief of Staff;Maximilian de Angelis;1939;1959;1999;PA;School of Fire Support;High;L44;X
61433;Chief of Army;Maximilian de Angelis;1942;1959;1999;PA;Decisive Battle Doctrine;High;L44;X
61434;Chief of Staff;Bertalan Árpád;1945;1963;1999;PA;Commando Doctrine Staff;High;649;X
61435;Chief of Air Force;Bertalan Árpád;1941;1963;1999;PA;Vertical Envelopment Doctrine;High;649;X
61436;Chief of Staff;Werth Henrik;1936;1946;1999;FA;School of Psychology;High;Werth_Henrik_hun;X
61437;Chief of Staff;Ernst Hammer;1938;1954;1999;FA;School of Fire Support;High;L2713;X
61438;Chief of Staff;Franz Böhme;1938;1955;1999;FA;School of Psychology;High;L36;X
61439;Chief of Army;Franz Böhme;1938;1955;1999;FA;Doctrine of Autonomy;High;L36;X
61440;Head of Military Intelligence;Franz Böhme;1935;1955;1999;FA;Logistics Specialist;High;L36;X
61441;Chief of Army;Franz Winterer;1945;1962;1999;LWR;Elastic Defence Doctrine;High;LFranz_Winterer;X
61442;Chief of Air Force;Franz Winterer;1936;1962;1999;LWR;Air Defence Doctrine;High;LFranz_Winterer;X
61443;Chief of Army;Révész Géza;1951;1967;1999;LWR;Decisive Battle Doctrine;High;Revesz_Geza_hun;X
61444;Foreign Minister;Révész Géza;1947;1967;1999;LWR;General Staffer;High;Revesz_Geza_hun;X
61445;Minister of Armament;Révész Géza;1951;1967;1999;LWR;Reformer;High;Revesz_Geza_hun;X
61446;Chief of Army;Pálffy György;1955;1970;1999;SD;Innovative Artillery Officer;High;Palffy_Gyorgy_hun;X
61447;Head of Military Intelligence;Pálffy György;1947;1970;1999;SD;Logistics Specialist;High;Palffy_Gyorgy_hun;X
61448;Chief of Army;Ottokar Brzoza-Brzezina;1936;1948;1999;SL;Innovative Artillery Officer;High;kaiserreich ottokar brzoza-brzezina;X
61449;Minister of Armament;Ottokar Brzoza-Brzezina;1922;1948;1999;SL;Artillery Proponent;High;kaiserreich ottokar brzoza-brzezina;X
61450;Head of Military Intelligence;Ottokar Brzoza-Brzezina;1922;1948;1999;SL;Industrial Specialist;High;kaiserreich ottokar brzoza-brzezina;X
61451;Chief of Army;Johann Friedländer;1932;1952;1999;SL;Guns and Butter Doctrine;High;LJohann_Friedlander;X
61452;Minister of Armament;Johann Friedländer;1932;1952;1999;SL;Infantry Proponent;High;LJohann_Friedlander;X
61453;Chief of Army;Heinrich Kodré;1946;1954;1999;SL;Guns and Butter Doctrine;High;LHeinrich_Kodre;X
61454;Chief of Army;Robert Bernardis;1947;1970;1999;SL;Combat Engineering Doctrine;High;LRobert_Bernardis;X
61455;Head of Military Intelligence;Robert Bernardis;1947;1970;1999;SL;Counterintelligence Specialist;High;LRobert_Bernardis;X
61456;Chief of Army;Stanislaw Rola-Arciszewski;1940;1953;1999;ML;Armoured Spearhead Doctrine;High;L8112;X
61457;Chief of Army;Alois Windisch;1942;1958;1999;ML;Doctrine of Autonomy;High;LAlois_Windisch;X
61458;Minister of Armament;Alois Windisch;1935;1958;1999;ML;Infantry Proponent;High;LAlois_Windisch;X
61459;Chief of Army;Emil Kern;1933;1947;1999;SC;Combat Engineering Doctrine;High;LEmil_Kern;X
61460;Chief of Army;Camillo Bregant;1929;1949;1999;SC;Old Cavalry General;High;LCamillo_Bregant;X
61461;Chief of Army;Richard Schilhawsky von Bahnbrück;1926;1949;1999;SC;Static Defence Doctrine;High;LRichard_Schilhawsky_von_Bahnbruck;X
61462;Chief of Navy;Richard Schilhawsky von Bahnbrück;1926;1949;1999;SC;Base Control Doctrine;High;LRichard_Schilhawsky_von_Bahnbruck;X
61463;Chief of Army;Sigismund Schilhawsky von Bahnbrück;1928;1951;1999;SC;Elastic Defence Doctrine;High;LSigismund_Schilhawsky_von_Bahnbruck;X
61464;Chief of Army;Eduard Barger;1938;1952;1999;SC;Elastic Defence Doctrine;High;L2701;X
61465;Chief of Army;Erhard Raus;1941;1957;1999;SC;Armoured Spearhead Doctrine;High;LErhard_Raus;X
61466;Chief of Army;Robert Martinek;1934;1959;1999;SC;Innovative Artillery Officer;High;L2721;X
61467;Minister of Armament;Robert Martinek;1934;1959;1999;SC;Artillery Proponent;High;L2721;X
61468;Chief of Army;René Eberle;1940;1961;1999;SC;Combat Engineering Doctrine;High;L689;X
61469;Chief of Army;Franz Zejdlik;1951;1970;1999;SC;Combat Engineering Doctrine;High;LFranz_Zejdlik;X
61470;Chief of Army;Ludwig von Eimannsberger;1930;1944;1999;PA;Armoured Spearhead Doctrine;High;L2739;X
61471;Minister of Armament;Ludwig von Eimannsberger;1930;1944;1999;PA;Tank Proponent;High;L2739;X
61472;Chief of Army;Eduard Kadlec;1936;1945;1999;PA;Decisive Battle Doctrine;High;L1520706;X
61473;Chief of Army;Rudolf Schneider;1936;1949;1999;PA;Static Defence Doctrine;High;LRudolf_Schneider;X
61474;Chief of Army;Otto von Kliszcz;1941;1956;1999;PA;Combat Engineering Doctrine;High;LOtto_Kliszcz;X
61475;Chief of Army;Karl Eibl;1943;1961;1999;PA;Elastic Defence Doctrine;High;L54;X
61476;Chief of Army;Otto Ellison von Nidlef;1920;1938;1999;FA;Combat Engineering Doctrine;High;LOtto_Ellison_vonNidlef;X
61477;Chief of Army;Lehár Antal;1927;1941;1999;FA;Doctrine of Autonomy;High;lehar_antal;X
61478;Chief of Army;Eugen Höberth von Schwarzthal;1932;1943;1999;FA;Old Cavalry General;High;LEugen_Hoberth;X
61479;Chief of Army;Hugo Schäfer;1929;1949;1999;FA;Guns and Butter Doctrine;High;LHugo_Schafer;X
61480;Head of Military Intelligence;Hugo Schäfer;1929;1949;1999;FA;Logistics Specialist;High;LHugo_Schafer;X
61481;Chief of Army;Valentin Feurstein;1937;1955;1999;FA;Elastic Defence Doctrine;High;L2709;X
61482;Chief of Army;Heszlényi József;1944;1955;1999;FA;Elastic Defence Doctrine;High;Heszlenyi_Jozsef_hun;X
61483;Chief of Army;Julius Ringel;1942;1959;1999;FA;Guns and Butter Doctrine;High;L227;X
61484;Chief of Army;Lothar Rendulic;1938;1957;1999;NS;Decisive Battle Doctrine;High;L2727;X
61485;Foreign Minister;Lothar Rendulic;1935;1970;1999;NS;The Cloak N Dagger Schemer;High;L2727;X
61486;Chief of Army;Otto Skorzeny;1943;1970;1999;NS;Commando Doctrine Army;High;L528;X
61487;Chief of Navy;Karel Levicnik;1945;1968;1999;LWR;Decisive Naval Battle Doctrine;High;LKarel_Levicnik;X
61488;Chief of Staff;Karel Levicnik;1946;1968;1999;LWR;School of Fire Support;High;LKarel_Levicnik;X
61489;Minister of Armament;Karel Levicnik;1946;1968;1999;LWR;Artillery Proponent;High;LKarel_Levicnik;X
61490;Chief of Navy;Bogdan Pecotic;1950;1970;1999;LWR;Decisive Naval Battle Doctrine;High;CRO-KR_Bogdan_Pecotic;X
61491;Chief of Navy;Ivan Kern;1938;1968;1999;SD;Power Projection Doctrine;High;SLV-KR_Ivan_Kern;X
61492;Head of Military Intelligence;Ivan Kern;1938;1968;1999;SD;Naval Intelligence Specialist;High;SLV-KR_Ivan_Kern;X
61493;Chief of Navy;Josip Cerni;1944;1970;1999;SD;Indirect Approach Doctrine;High;LJosip_Cerni;X
61494;Minister of Armament;Josip Cerni;1944;1970;1999;SD;Submarine Proponent;High;LJosip_Cerni;X
61495;Chief of Navy;Bornemisza Félix;1944;1960;1999;SL;Merchant Navy Focus;High;LBornemisza_Felix;X
61496;Chief of Air Force;Bornemisza Félix;1944;1960;1999;SL;Naval Aviation Doctrine;High;LBornemisza_Felix;X
61497;Chief of Navy;Bozo Banac;1936;1945;1999;ML;Merchant Navy Focus;High;MBozo_Banac;X
61498;Chief of Navy;Josef Holub;1935;1950;1999;ML;Coastal Defence Doctrine;High;LJosef_Holub;X
61499;Chief of Navy;Zdenko Hudecek;1922;1952;1999;ML;Indirect Approach Doctrine;High;LZdenek_Eugen_Hudecek;X
61500;Chief of Navy;Julijan Luterotti;1936;1954;1999;ML;Hydrographic Service Proponent;High;LJulijan_Luterotti;X
61501;Chief of Navy;Miroslav Stumberger;1937;1958;1999;ML;Indirect Approach Doctrine;High;LMiroslav_Stumberger;X
61502;Chief of Navy;Roediger-Schluga Miklós;1942;1959;1999;ML;Coastal Defence Doctrine;High;LRoediger-Schluga_Miklos;X
61503;Chief of Navy;Carl-Heinz Birnbacher;1945;1970;1999;ML;Open Seas Doctrine;High;LCarl-Heinz_Birnbacher;X
61504;Minister of Armament;Carl-Heinz Birnbacher;1945;1970;1999;ML;Battle Fleet Proponent;High;LCarl-Heinz_Birnbacher;X
61505;Head of Military Intelligence;Carl-Heinz Birnbacher;1945;1970;1999;ML;Naval Intelligence Specialist;High;LCarl-Heinz_Birnbacher;X
61506;Chief of Navy;Petar Mardesic;1947;1970;1999;ML;Hydrographic Service Proponent;High;LPetar_Mardesic;X
61507;Chief of Navy;Benno von Millenkovich;1918;1944;1999;SC;Merchant Navy Focus;High;MBenno_von_Millenkovich;X
61508;Chief of Navy;Vaclav Vosecek;1927;1947;1999;SC;Open Seas Doctrine;High;LWenzel_Leopold_Wosecek;X
61509;Chief of Air Force;Vaclav Vosecek;1927;1947;1999;SC;Naval Aviation Doctrine;High;LWenzel_Leopold_Wosecek;X
61510;Chief of Navy;Johannes von Liechtenstein;1919;1948;1999;SC;Open Seas Doctrine;High;LJohannes_von_Liechtenstein;X
61511;Head of Military Intelligence;Johannes von Liechtenstein;1919;1948;1999;SC;Naval Intelligence Specialist;High;LJohannes_von_Liechtenstein;X
61512;Chief of Navy;Vladimir Mariasevic;1936;1951;1999;SC;Coastal Defence Doctrine;High;LVladimir_Pavao_Mariasevic;X
61513;Head of Military Intelligence;Vladimir Mariasevic;1927;1951;1999;SC;Naval Intelligence Specialist;High;LVladimir_Pavao_Mariasevic;X
61514;Chief of Navy;Fabinyi Tihamér;1932;1953;1999;SC;Merchant Navy Focus;High;M21004;X
61515;Minister of Armament;Fabinyi Tihamér;1935;1953;1999;SC;Balanced Budget Economy;High;M21004;X
61516;Chief of Navy;Emil Domainko;1936;1954;1999;SC;Riverine Warfare Doctrine;High;LEmil_Dure_Domainko;X
61517;Chief of Navy;Karol Korytowski;1936;1957;1999;SC;Decisive Naval Battle Doctrine;High;L8170;X
61518;Chief of Navy;Tadeusz Morgenstern-Podjazd;1939;1960;1999;SC;Open Seas Doctrine;High;kaiserreich tmorgensternpodjazd;X
61519;Head of Military Intelligence;Tadeusz Morgenstern-Podjazd;1939;1960;1999;SC;Naval Intelligence Specialist;High;kaiserreich tmorgensternpodjazd;X
61520;Chief of Navy;Vladimir Saskijevic;1943;1963;1999;SC;Open Seas Doctrine;High;L46048;X
61521;Chief of Navy;Alois Schusterschitz;1919;1942;1999;PA;Base Control Doctrine;High;MAlois_Schusterschitz;X
61522;Chief of Navy;Tomo Tijanic;1936;1952;1999;PA;Decisive Naval Battle Doctrine;High;L46051;X
61523;Chief of Navy;Armin Pavic;1936;1953;1999;PA;Hydrographic Service Proponent;High;LArmin_Armina_Pavic;X
61524;Chief of Navy;Rudolf von Singule;1925;1953;1999;PA;Indirect Approach Doctrine;High;LRudolf_Singule;X
61525;Chief of Navy;Paul Meixner;1939;1956;1999;PA;Merchant Navy Focus;High;LPaul_Hermann_Meixner;X
61526;Chief of Navy;Edgar Angeli;1941;1957;1999;PA;Riverine Warfare Doctrine;High;L46042;X
61527;Chief of Navy;Hardy Kálmán;1942;1957;1999;PA;Riverine Warfare Doctrine;High;Hardy_Kalman_hun;X
61528;Head of Military Intelligence;Hardy Kálmán;1940;1957;1999;PA;Naval Intelligence Specialist;High;Hardy_Kalman_hun;X
61529;Chief of Navy;Hermann von Rigele;1944;1961;1999;PA;Indirect Approach Doctrine;High;LHermann_von_Rigele;X
61530;Chief of Navy;Andro Vrkljan;1947;1968;1999;PA;Indirect Approach Doctrine;High;LAndro_Vrkljan;X
61531;Head of Military Intelligence;Andro Vrkljan;1941;1968;1999;PA;Naval Intelligence Specialist;High;LAndro_Vrkljan;X
61532;Chief of Navy;Wulff Olaf Richárd;1920;1942;1999;FA;Riverine Warfare Doctrine;High;6661;X
61533;Chief of Navy;Georg von Trapp;1920;1947;1999;FA;Indirect Approach Doctrine;High;Kaiserreich_von Trapp;X
61534;Minister of Armament;Georg von Trapp;1920;1947;1999;FA;Submarine Proponent;High;Kaiserreich_von Trapp;X
61535;Chief of Air Force;Viktor Bubanj;1950;1970;1999;LE;Army Aviation Doctrine;High;CRO-KR_Viktor_Bubanj;X
61536;Head of Military Intelligence;Viktor Bubanj;1946;1970;1999;LE;Logistics Specialist;High;CRO-KR_Viktor_Bubanj;X
61537;Chief of Air Force;Pius Moosbrugger;1940;1964;1999;SD;Vertical Envelopment Doctrine;High;MPius_Moosbrugger;X
61538;Chief of Air Force;Paul Lube;1950;1970;1999;SD;Air Superiority Doctrine;High;LPaul_Lube;X
61539;Chief of Air Force;Frantisek Weber;1947;1970;1999;SL;Tactical Aviation Doctrine;High;LFrantisek_Weber;X
61540;Chief of Air Force;Karl Bleckl;1948;1970;1999;SL;Tactical Aviation Doctrine;High;LKarl_Ludwig_Bleckl;X
61541;Chief of Air Force;Maximilian Errath;1955;1970;1999;SL;Naval Aviation Doctrine;High;LMassimiliano_Erasi;X
61542;Chief of Air Force;Bánfalvy István;1943;1962;1999;ML;Army Aviation Doctrine;High;Banfalvy_Istvan_hun;X
61543;Chief of Air Force;Jan Bervida;1945;1962;1999;ML;Vertical Envelopment Doctrine;High;MJan_Bervida;X
61544;Chief of Air Force;Walter Nowotny;1945;1970;1999;ML;Air Superiority Doctrine;High;Nowotny;X
61545;Chief of Air Force;Zlatko Rendulic;1954;1970;1999;ML;Tactical Aviation Doctrine;High;LZlatko_Rendulic;X
61546;Minister of Armament;Zlatko Rendulic;1954;1970;1999;ML;Air to Ground Proponent;High;LZlatko_Rendulic;X
61547;Chief of Air Force;Alois Lindmayr;1955;1966;1999;ML;Carpet Bombing Doctrine;High;LAlois_Lindmayr;X
61548;Chief of Air Force;Julius Yllam;1930;1942;1999;SC;Air Superiority Doctrine;High;M23040;X
61549;Chief of Air Force;Mikuleczky Ferenc;1936;1949;1999;SC;Naval Aviation Doctrine;High;LMikuleczky_Ferenc;X
61550;Minister of Armament;Mikuleczky Ferenc;1936;1949;1999;SC;Air to Sea Proponent;High;LMikuleczky_Ferenc;X
61551;Chief of Air Force;Karl Nikitsch;1928;1950;1999;SC;Army Aviation Doctrine;High;6573;X
61552;Chief of Air Force;Benno von Fernbrugg;1936;1955;1999;SC;Aviation Organizer;High;kaiserreich fernbrugg;X
61553;Minister of Armament;Benno von Fernbrugg;1936;1955;1999;SC;Air to Ground Proponent;High;kaiserreich fernbrugg;X
61554;Chief of Air Force;Karl von Löderer;1943;1959;1999;SC;Air Defence Doctrine;High;LKarl_von_Loderer;X
61555;Chief of Air Force;Julius Arigi;1940;1960;1999;SC;Air Superiority Doctrine;High;6507;X
61556;Chief of Air Force;Felicjan Sterba;1946;1961;1999;SC;Army Aviation Doctrine;High;LFelicjan_Sterba;X
61557;Chief of Air Force;Artur Pipan;1948;1970;1999;SC;Naval Aviation Doctrine;High;LArtur_Pipan;X
61558;Chief of Air Force;Fráter Tibor;1941;1954;1999;PA;Army Aviation Doctrine;High;Frater_Tibor_hun;X
61559;Chief of Air Force;Rudolf Ortner-Weigand;1936;1959;1999;PA;Aviation Organizer;High;L518077;X
61560;Chief of Air Force;Stefan Fröhlich;1940;1959;1999;PA;Carpet Bombing Doctrine;High;L913;X
61561;Chief of Air Force;Gottfried von Banfield;1936;1960;1999;PA;Naval Aviation Doctrine;High;6509;X
61562;Minister of Armament;Gottfried von Banfield;1936;1960;1999;PA;Air to Sea Proponent;High;6509;X
61563;Chief of Air Force;Szentnémedy Ferenc;1944;1961;1999;PA;Carpet Bombing Doctrine;High;LSzentnemedy_Ferenc;X
61564;Chief of Air Force;Adalbert Rogulja;1941;1963;1999;PA;Aviation Organizer;High;L44629;X
61565;Chief of Air Force;András Sándor;1945;1964;1999;PA;Army Aviation Doctrine;High;Andras_Sandor_hun;X
61566;Chief of Air Force;Anton-Carl Longin;1941;1966;1999;PA;Vertical Envelopment Doctrine;High;L2757;X
61567;Chief of Air Force;Hermann Buchner;1948;1970;1999;PA;Tactical Aviation Doctrine;High;Buchner;X
61568;Chief of Air Force;Adolf Heyrowsky;1936;1947;1999;FA;Army Aviation Doctrine;High;7557;X
61569;Chief of Air Force;Alexander Löhr;1928;1955;1999;FA;Carpet Bombing Doctrine;High;L2758;X
61570;Minister of Armament;Alexander Löhr;1928;1955;1999;FA;Strategic Air Proponent;High;L2758;X
61571;Head of Military Intelligence;Alexander Löhr;1936;1955;1999;FA;Industrial Specialist;High;L2758;X
61572;Chief of Air Force;Kaszala Károly;1938;1959;1999;FA;Air Superiority Doctrine;High;6547;X
61573;Chief of Air Force;Godwin Brumowski;1936;1959;1999;FA;Air Superiority Doctrine;High;kaiserreich brumowski;X
61574;Chief of Air Force;Franjo Dzal;1945;1970;1999;FA;Air Superiority Doctrine;High;BOS-KR_Franjo_Dzal;X
61575;Chief of Air Force;Camillo Ruggera;1934;1947;1999;NS;Air Defence Doctrine;High;LCamillo_Rugerra;X
61576;Foreign Minister;Camillo Ruggera;1934;1947;1999;NS;General Staffer;High;LCamillo_Rugerra;X
61577;Chief of Air Force;Gordon Gollob;1944;1970;1999;NS;Air Superiority Doctrine;High;McGollob;X
61578;Minister of Security;Michael Skubl;1937;1947;1999;PA;Crime Fighter;High;MMichael_Skubl;X
