GLD;Ruling Cabinet - Start;Name;Start Year;End Year;Retirement Year;Ideology;Personality;Loyalty;Picturename;X
;Replacements;;;;;;;;;X
551001;Head of State;Zygmunt Zulawski;1936;1948;1999;LWR;Die-hard Reformer;High;kaiserreich zzulawski;X
551002;Head of Government;Zygmunt Zulawski;1936;1948;1999;LWR;Silent Workhorse;High;kaiserreich zzulawski;X
551003;Head of State;Boleslaw Roja;1936;1951;1999;LWR;Resigned Generalissimo;High;LBoleslaw_Jerzy_Roja;X
551004;Chief of Army;Boleslaw Roja;1936;1941;1999;LWR;Static Defence Doctrine;High;LBoleslaw_Jerzy_Roja;X
551005;Head of State;Jedrzej Moraczewski;1936;1949;1999;SD;Die-hard Reformer;High;kaiserreich moraczewski;X
551006;Head of Government;Jedrzej Moraczewski;1936;1949;1999;SD;Ambitious Union Boss;High;kaiserreich moraczewski;X
551007;Head of State;Kazimierz Czapinski;1936;1950;1999;SD;Popular Figurehead;High;MKazimierz_Czapinski;X
551008;Foreign Minister;Kazimierz Czapinski;1936;1950;1999;SD;Biased Intellectual;High;MKazimierz_Czapinski;X
551009;Head of State;Kazimierz Puzak;1940;1950;1999;SD;Die-hard Reformer;High;MKazimierz_Puzak;X
551010;Head of Government;Kazimierz Puzak;1936;1950;1999;SD;Silent Workhorse;High;MKazimierz_Puzak;X
551011;Head of State;Adam Ciolkosz;1954;1970;1999;SD;Die-hard Reformer;High;kaiserreich aciolkosz;X
551012;Head of Government;Adam Ciolkosz;1950;1970;1999;SD;Silent Workhorse;High;kaiserreich aciolkosz;X
551013;Foreign Minister;Adam Ciolkosz;1946;1970;1999;SD;Biased Intellectual;High;kaiserreich aciolkosz;X
551014;Head of State;Wincenty Witos;1936;1944;1999;SL;Weary Stiffneck;High;Witos;X
551015;Head of Government;Wincenty Witos;1926;1944;1999;SL;Naive Optimist;High;Witos;X
551016;Head of State;Mikolaj Kwasniewski;1936;1950;1999;SL;Benevolent Gentleman;High;kaiserreich mkwasniewski;X
551017;Head of Government;Mikolaj Kwasniewski;1936;1950;1999;SL;Silent Workhorse;High;kaiserreich mkwasniewski;X
551018;Minister of Security;Mikolaj Kwasniewski;1936;1941;1999;SL;Health and Safety;High;kaiserreich mkwasniewski;X
551019;Head of State;Maciej Rataj;1936;1959;1999;SL;Popular Figurehead;High;rataj;X
551020;Head of Government;Maciej Rataj;1936;1959;1999;SL;Naive Optimist;High;rataj;X
551021;Head of State;Stanislaw Mierzwa;1956;1970;1999;SL;Benevolent Gentleman;High;MStanislaw_Mierzwa;X
551022;Minister of Security;Stanislaw Mierzwa;1946;1970;1999;SL;Man of the People;High;MStanislaw_Mierzwa;X
551023;Head of State;Stanislaw Ostrowski;1950;1970;1999;ML;Benevolent Gentleman;High;MStanislaw_Ostrowski;X
551024;Minister of Security;Stanislaw Ostrowski;1940;1962;1999;ML;Health and Safety;High;MStanislaw_Ostrowski;X
551025;Head of State;Witold Czartoryski;1936;1945;1999;SC;Benevolent Gentleman;High;MWitold_Leon_Czartoryski;X
551026;Head of Government;Witold Czartoryski;1936;1945;1999;SC;Silent Workhorse;High;MWitold_Leon_Czartoryski;X
551027;Head of State;Julian Ignacy Nowak;1936;1946;1999;SC;Popular Figurehead;High;Kaiserreich julian nowak;X
551028;Head of Government;Julian Ignacy Nowak;1936;1946;1999;SC;Naive Optimist;High;Kaiserreich julian nowak;X
551029;Head of State;Karol Olbracht Habsburg;1936;1964;1999;SC;Stern Imperialist;High;kaiserreich karlalbrechtvH;X
551030;Head of State;Kazimierz Jerzy Czartoryski;1945;1970;1999;SC;Insignificant Layman;High;MKazimierz_Jerzy_Czartoryski;X
551031;Head of State;Edward Dubanowicz;1936;1945;1999;PA;Weary Stiffneck;High;MEdward_Ignacy_Dubanowicz;X
551032;Head of Government;Edward Dubanowicz;1936;1945;1999;PA;Backroom Backstabber;High;MEdward_Ignacy_Dubanowicz;X
551033;Head of State;Stanislaw Szeptycki;1936;1950;1999;PA;Resigned Generalissimo;High;kaiserreich sszeptycki;X
551034;Head of State;S.K.u.K.M. Otto I von Habsburg;1936;1970;1999;PA;Young Kaiser;High;kaiserreich ottoivh;X
551035;Head of State;Adam Doboszynski;1950;1970;1999;NS;Powerhungry Demagogue;High;kaiserreich adoboszynski;X
551036;Foreign Minister;Adam Doboszynski;1939;1970;1999;NS;Iron Fisted Brute;High;kaiserreich adoboszynski;X
551037;Head of Government;Saul Amsterdam;1940;1964;1999;LE;Happy Amateur;High;MSaul_Amsterdam;X
551038;Head of Government;Franciszek Leczycki;1936;1964;1999;LWR;Ambitious Union Boss;High;MFranciszek_Leczycki;X
551039;Head of Military Intelligence;Franciszek Leczycki;1919;1945;1999;LWR;Industrial Specialist;High;MFranciszek_Leczycki;X
551040;Head of Government;Tadeusz Cwik;1950;1968;1999;LWR;Ambitious Union Boss;High;MTadeusz_Cwik;X
551041;Foreign Minister;Tadeusz Cwik;1942;1968;1999;LWR;The Cloak N Dagger Schemer;High;MTadeusz_Cwik;X
551042;Minister of Security;Tadeusz Cwik;1942;1968;1999;LWR;Back Stabber;High;MTadeusz_Cwik;X
551043;Chief of Navy;Tadeusz Cwik;1945;1968;1999;LWR;Merchant Navy Focus;High;MTadeusz_Cwik;X
551044;Head of Government;Adam Kurylowicz;1946;1965;1999;SD;Ambitious Union Boss;High;MAdam_Kurylowicz;X
551045;Minister of Security;Adam Kurylowicz;1940;1965;1999;SD;Back Stabber;High;MAdam_Kurylowicz;X
551046;Head of Government;Antoni Pajak;1950;1965;1999;SD;Naive Optimist;High;MAntoni_Pajak;X
551047;Minister of Security;Antoni Pajak;1942;1965;1999;SD;Compassionate Gentleman;High;MAntoni_Pajak;X
551048;Head of Government;Stanislaw Osiecki;1936;1950;1999;SL;Political Protege;High;M13055;X
551049;Minister of Security;Stanislaw Osiecki;1926;1950;1999;SL;Health and Safety;High;M13055;X
551050;Head of Government;Stanislaw Kot;1940;1964;1999;ML;Political Protege;High;MStanislaw_Kot;X
551051;Minister of Security;Stanislaw Kot;1936;1964;1999;ML;Back Stabber;High;MStanislaw_Kot;X
551052;Head of Government;Michal Zymierski;1945;1970;1999;ML;Reformist Soldierhog;High;L8113;X
551053;Chief of Army;Michal Zymierski;1926;1955;1999;ML;Guns and Butter Doctrine;High;L8113;X
551054;Minister of Armament;Michal Zymierski;1926;1955;1999;ML;Military Entrepreneur;High;L8113;X
551055;Head of Government;Wladyslaw Tempka;1936;1954;1999;SC;Naive Optimist;High;MWladyslaw_Tempka;X
551056;Foreign Minister;Wladyslaw Tempka;1936;1954;1999;SC;Ideological Crusader;High;MWladyslaw_Tempka;X
551057;Head of Government;Aleksander Skrzynski;1930;1957;1999;PA;Pragmatic Statesman;High;MAleksander_Skrzynski;X
551058;Foreign Minister;Aleksander Skrzynski;1936;1957;1999;PA;The Cloak N Dagger Schemer;High;MAleksander_Skrzynski;X
551059;Head of Government;Alfred Antoni Potocki;1936;1958;1999;PA;Political Protege;High;kaiserreich apotocki;X
551060;Foreign Minister;Ostap Dluski;1936;1964;1999;LWR;Ideological Crusader;High;MOstap_Dluski;X
551061;Foreign Minister;Stanislaw Skrzeszewski;1947;1970;1999;LWR;Biased Intellectual;High;MStanislaw_Skrzeszewski;X
551062;Minister of Security;Stanislaw Skrzeszewski;1947;1970;1999;LWR;Media Magnate;High;MStanislaw_Skrzeszewski;X
551063;Foreign Minister;Jozef Cyrankiewicz;1948;1970;1999;LWR;Iron Fisted Brute;High;MJozef_Cyrankiewicz;X
551064;Foreign Minister;Juliusz Katz-Suchy;1952;1970;1999;LWR;Great Compromiser;High;MJuliusz_Katz-Suchy;X
551065;Foreign Minister;Marian Naszkowski;1952;1970;1999;LWR;Apologetic Clerk;High;MMarian_Naszkowski;X
551066;Foreign Minister;Adam Prochnik;1936;1945;1999;SD;Great Compromiser;High;M13070;X
551067;Head of Military Intelligence;Adam Prochnik;1936;1945;1999;SD;Political Specialist;High;M13070;X
551068;Foreign Minister;Jan Szczyrek;1936;1947;1999;SD;Apologetic Clerk;High;MJan_Szczyrek;X
551069;Foreign Minister;Dorota Kluszynska;1926;1952;1999;SD;Ideological Crusader;High;MDorota_Kluszynska;X
551070;Minister of Security;Dorota Kluszynska;1926;1952;1999;SD;Health and Safety;High;MDorota_Kluszynska;X
551071;Foreign Minister;Ludwik Grosfeld;1942;1955;1999;SD;Great Compromiser;High;M13030;X
551072;Minister of Security;Ludwik Grosfeld;1939;1955;1999;SD;Man of the People;High;M13030;X
551073;Chief of Navy;Ludwik Grosfeld;1942;1955;1999;SD;Merchant Navy Focus;High;M13030;X
551074;Foreign Minister;Zygmunt Kazimierz Piotrowski;1942;1961;1999;SD;Apologetic Clerk;High;MZygmunt_Kazimierz_Piotrowski;X
551075;Foreign Minister;Wanda Krahelska;1942;1965;1999;SD;Ideological Crusader;High;MWanda_Krahelska;X
551076;Foreign Minister;Adam Ostrowski;1950;1970;1999;SD;The Cloak N Dagger Schemer;High;MAdam_Ostrowski;X
551077;Foreign Minister;Adam Vetulani;1950;1970;1999;SD;Great Compromiser;High;MAdam_Vetulani;X
551078;Minister of Security;Adam Vetulani;1950;1970;1999;SD;Man of the People;High;MAdam_Vetulani;X
551079;Foreign Minister;Olgierd Gorka;1939;1955;1999;SL;Biased Intellectual;High;MOlgierd_Gorka;X
551080;Foreign Minister;Jozef Retinger;1936;1960;1999;SL;Great Compromiser;High;MJozef_Retinger;X
551081;Head of Military Intelligence;Jozef Retinger;1920;1960;1999;SL;Political Specialist;High;MJozef_Retinger;X
551082;Foreign Minister;Aleksander Lados;1940;1960;1999;SL;The Cloak N Dagger Schemer;High;MAleksander_Lados;X
551083;Foreign Minister;Wladyslaw Kiernik;1940;1966;1999;SL;Ideological Crusader;High;kaiserreich kiernik;X
551084;Minister of Security;Wladyslaw Kiernik;1926;1966;1999;SL;Man of the People;High;kaiserreich kiernik;X
551085;Foreign Minister;Manfred Lachs;1955;1970;1999;SL;Great Compromiser;High;MManfred_Lachs;X
551086;Minister of Security;Manfred Lachs;1950;1970;1999;SL;Silent Lawyer;High;MManfred_Lachs;X
551087;Foreign Minister;Roman Knoll;1930;1946;1999;ML;Biased Intellectual;High;MRoman_Knoll;X
551088;Foreign Minister;Karol Polakiewicz;1940;1962;1999;ML;General Staffer;High;MKarol_Polakiewicz;X
551089;Foreign Minister;Marian Cieplak;1940;1963;1999;ML;Apologetic Clerk;High;MMarian_Cieplak;X
551090;Foreign Minister;Jan Starzewski;1950;1970;1999;ML;Ideological Crusader;High;MJan_Starzewski;X
551091;Foreign Minister;Zygmunt Zawadowski;1950;1970;1999;ML;The Cloak N Dagger Schemer;High;MZygmunt_Zawadowski;X
551092;Foreign Minister;Konstanty Dzieduszycki;1936;1949;1999;SC;Apologetic Clerk;High;MKonstanty_Dzieduszycki;X
551093;Foreign Minister;Bronislaw Kusnierz;1942;1966;1999;SC;Great Compromiser;High;MBronislaw_Kusnierz;X
551094;Minister of Security;Bronislaw Kusnierz;1936;1954;1999;SC;Compassionate Gentleman;High;MBronislaw_Kusnierz;X
551095;Foreign Minister;Zygmunt Vetulani;1942;1964;1999;SC;Great Compromiser;High;MZygmunt_Vetulani;X
551096;Foreign Minister;Boleslaw Biega;1938;1970;1999;SC;Biased Intellectual;High;MBoleslaw_Biega;X
551097;Minister of Security;Boleslaw Biega;1938;1970;1999;SC;Crime Fighter;High;MBoleslaw_Biega;X
551098;Foreign Minister;Edward Raczynski;1940;1970;1999;SC;Apologetic Clerk;High;M13059;X
551099;Foreign Minister;Stanislaw Sopicki;1945;1970;1999;SC;The Cloak N Dagger Schemer;High;MStanislaw_Sopicki;X
551100;Head of Military Intelligence;Stanislaw Sopicki;1940;1970;1999;SC;Political Specialist;High;MStanislaw_Sopicki;X
551101;Foreign Minister;Jan Fryling;1945;1970;1999;SC;Biased Intellectual;High;MJan_Fryling;X
551102;Foreign Minister;Karol Alexandrowicz;1952;1970;1999;SC;Biased Intellectual;High;MKarol_Alexandrowicz;X
551103;Minister of Armament;Karol Alexandrowicz;1948;1970;1999;SC;Bank President;High;MKarol_Alexandrowicz;X
551104;Foreign Minister;Ksawery Pruszynski;1954;1970;1999;SC;Apologetic Clerk;High;MKsawery_Pruszynski;X
551105;Foreign Minister;Karol Adam Romer;1938;1950;1999;PA;Great Compromiser;High;MKarol_Adam_Romer;X
551106;Foreign Minister;Kazimierz Switalski;1936;1956;1999;PA;The Cloak N Dagger Schemer;High;M13102;X
551107;Head of Military Intelligence;Kazimierz Switalski;1936;1956;1999;PA;Dismal Enigma;High;M13102;X
551108;Foreign Minister;Jerzy Potocki;1936;1962;1999;PA;Biased Intellectual;High;kaiserreich jpotocki;X
551109;Foreign Minister;Jozef Alfred Potocki;1945;1965;1999;PA;Apologetic Clerk;High;MJozef_Alfred_Potocki;X
551110;Foreign Minister;Agenor Maria Joachim Goluchowski;1936;1951;1999;FA;Apologetic Clerk;High;MAgenor_Maria_Joachim_Goluchowski;X
551111;Minister of Armament;Boleslaw Drobner;1936;1968;1999;LWR;Planned Economy Proponent;High;kaiserreich drobner;X
551112;Minister of Security;Boleslaw Drobner;1936;1968;1999;LWR;Health and Safety;High;kaiserreich drobner;X
551113;Minister of Armament;Jakub Prawin;1946;1970;1999;LWR;Administrative Genius;High;MJakub_Prawin;X
551114;Minister of Security;Jakub Prawin;1946;1970;1999;LWR;Compassionate Gentleman;High;MJakub_Prawin;X
551115;Minister of Armament;Stanislaw Mazur;1952;1970;1999;LWR;Theoretical Scientist;High;MStanislaw_Mazur;X
551116;Minister of Armament;Stanislaw Pilat;1930;1951;1999;SD;Oil Baron;High;MStanislaw_Pilat;X
551117;Minister of Armament;Wlodzimierz Lechowicz;1948;1970;1999;SD;Military Entrepreneur;High;MWlodzimierz_Lechowicz;X
551118;Head of Military Intelligence;Wlodzimierz Lechowicz;1946;1970;1999;SD;Counterintelligence Specialist;High;MWlodzimierz_Lechowicz;X
551119;Minister of Armament;Andrzej Szczudlik;1950;1970;1999;SD;Industrialiser;High;MAndrzej_Szczudlik;X
551120;Minister of Armament;Ignacy Moscicki;1930;1946;1999;SL;Industrial Chemist;High;MIgnacy_Moscicki;X
551121;Minister of Armament;Stanislaw Schaetzel;1940;1955;1999;SL;Oil Baron;High;MStanislaw_Schaetzel;X
551122;Minister of Armament;Stefan Schmidt;1942;1959;1999;SL;Mixed Economy;High;MStefan_Schmidt;X
551123;Head of Military Intelligence;Stefan Schmidt;1938;1959;1999;SL;Industrial Specialist;High;MStefan_Schmidt;X
551124;Minister of Armament;Stanislaw Herman;1940;1960;1999;SL;Resource Industrialist;High;MStanislaw_Herman;X
551125;Minister of Armament;Eugeniusz Czechowicz;1948;1964;1999;SL;Resource Industrialist;High;MStanislaw_Herman;X
551126;Minister of Armament;Wincenty Bryja;1945;1967;1999;SL;Bank President;High;MWincenty_Bryja;X
551127;Head of Military Intelligence;Wincenty Bryja;1940;1967;1999;SL;Industrial Specialist;High;MWincenty_Bryja;X
551128;Minister of Armament;Jan Dab-Kociol;1947;1970;1999;SL;Administrative Genius;High;MJan_Dab-Kociol;X
551129;Minister of Armament;Jan Witaszek;1950;1970;1999;SL;Mixed Economy;High;MJan_Witaszek;X
551130;Minister of Armament;Stanislaw Szerszen;1952;1970;1999;SL;Construction Magnate;High;MStanislaw_Szerszen;X
551131;Minister of Armament;Kazimierz Meijer;1930;1949;1999;ML;Motorisation Proponent;High;MKazimierz_Meyer;X
551132;Minister of Armament;Kazimierz Bartel;1930;1952;1999;ML;Theoretical Scientist;High;M13105;X
551133;Head of Military Intelligence;Kazimierz Bartel;1930;1952;1999;ML;Industrial Specialist;High;M13105;X
551134;Minister of Armament;Karol Hodala;1938;1959;1999;ML;Reformer;High;LKarol_Hodala;X
551135;Minister of Armament;Walery Goetel;1940;1960;1999;ML;Resource Industrialist;High;MWalery_Goetel;X
551136;Minister of Armament;Henryk Gruber;1942;1965;1999;ML;Bank President;High;MHenryk_Gruber;X
551137;Minister of Armament;Damian Stanislaw Wandycz;1943;1970;1999;ML;Oil Baron;High;MDamian_Stanislaw_Wandycz;X
551138;Minister of Armament;Ferdynand Zweig;1946;1970;1999;ML;Pioneer Of Econometrics;High;MFerdynand_Zweig;X
551139;Minister of Armament;Jan Brzozowski-Haluch;1930;1941;1999;SC;Oil Baron;High;MJan_Brzozowski-Haluch;X
551140;Minister of Armament;Wladyslaw Byrka;1919;1945;1999;SC;Bank President;High;MWladyslaw_Byrka;X
551141;Minister of Armament;Jan Lukasiewicz;1920;1945;1999;SC;Theoretical Scientist;High;MJan_Lukasiewicz;X
551142;Minister of Armament;Otton Czuruk;1936;1945;1999;SC;Military Entrepreneur;High;MOtton_Czuruk;X
551143;Minister of Armament;Wladyslaw Jaroszewicz;1936;1947;1999;SC;Resource Industrialist;High;MWladyslaw_Jaroszewicz;X
551144;Minister of Armament;Henryk Mianowski;1930;1950;1999;SC;Laissez-Faire Capitalist;High;MHenryk_Mianowski;X
551145;Minister of Armament;Stefan Wladyslaw Bryla;1938;1951;1999;SC;Construction Magnate;High;MStefan_Wladyslaw_Bryla;X
551146;Minister of Armament;Karol Junga;1936;1952;1999;SC;Mixed Economy;High;MKarol_Junga;X
551147;Minister of Armament;Adam Krzyzanowski;1930;1958;1999;SC;Laissez-Faire Capitalist;High;kaiserreich akrzyzankowski;X
551148;Minister of Armament;Zygmunt Biluchowski;1936;1962;1999;SC;Oil Baron;High;MZygmunt_Biluchowski;X
551149;Minister of Armament;Eugeniusz Kwiatkowski;1930;1963;1999;SC;Administrative Genius;High;M13052;X
551150;Minister of Armament;Roger Forst de Battaglia;1920;1943;1999;PA;Mixed Economy;High;MRoger_Forst_Battaglia;X
551151;Minister of Armament;Wladyslaw Kucharski;1930;1949;1999;PA;Balanced Budget Economy;High;MWladyslaw_Kucharski;X
551152;Minister of Armament;Roman Rybarski;1930;1952;1999;PA;Laissez-Faire Capitalist;High;kaiserreich rrybarski;X
551153;Minister of Armament;Kazimierz Studentowicz;1946;1970;1999;PA;Planned Economy Proponent;High;MKazimierz_Studentowicz;X
551154;Minister of Armament;Zbigniew Dembinski;1945;1970;1999;FA;Mixed Economy;High;MZbigniew_Adam_Dembinski;X
551155;Minister of Security;Juliusz Hibner;1951;1970;1999;ST;Secret Police Chief;High;MJuliusz_Hibner;X
551156;Head of Military Intelligence;Juliusz Hibner;1951;1970;1999;ST;Counterintelligence Specialist;High;MJuliusz_Hibner;X
551157;Minister of Security;Wladyslaw Gomulk;1947;1970;1999;LE;Man of the People;High;M13039;X
551158;Minister of Security;Antoni Alster;1952;1968;1999;LWR;Efficient Sociopath;High;MAntoni_Alster;X
551159;Minister of Security;Lucjan Motyka;1957;1970;1999;LWR;Media Magnate;High;MLucjan_Motyka;X
551160;Minister of Security;Boguslaw Lesnodorski;1958;1970;1999;LWR;Silent Lawyer;High;MBoguslaw_Lesnodorski;X
551161;Minister of Security;Herman Lieberman;1921;1941;1999;SD;Compassionate Gentleman;High;M13027;X
551162;Minister of Security;Jan Stanczyk;1939;1953;1999;SD;Back Stabber;High;MJan_Stanczyk;X
551163;Minister of Security;Karol Adwentowicz;1936;1958;1999;SD;Media Magnate;High;MKarol_Adwentowicz;X
551164;Minister of Security;Mieczyslaw Urban Jarosz;1936;1970;1999;SD;Silent Lawyer;High;MMieczyslaw_Urban_Jarosz;X
551165;Minister of Security;Antoni Pajdak;1945;1970;1999;SD;Man of the People;High;MAntoni_Pajdak;X
551166;Minister of Security;Feliks Kaczanowski;1954;1970;1999;SD;Health and Safety;High;MFeliks_Kaczanowski;X
551167;Minister of Security;Jozef Sanojca;1936;1953;1999;SL;Compassionate Gentleman;High;MJozef_Sanojca;X
551168;Minister of Security;Kamil Stefko;1936;1956;1999;SL;Silent Lawyer;High;MKamil_Stefko;X
551169;Minister of Security;Jozef Putek;1936;1962;1999;SL;Man of the People;High;MJozef_Putek;X
551170;Minister of Security;Stanislaw Kulczynski;1945;1969;1999;SL;Compassionate Gentleman;High;MStanislaw_Kulczynski;X
551171;Minister of Security;Wladyslaw Banaczyk;1944;1970;1999;SL;Silent Lawyer;High;MWladyslaw_Banaczyk;X
551172;Minister of Security;Feliks Przesmycki;1945;1970;1999;SL;Health and Safety;High;MFeliks_Przesmycki;X
551173;Minister of Security;Marek Ferdynand Arczynski;1948;1970;1999;SL;Compassionate Gentleman;High;MMarek_Ferdynand_Arczynski;X
551174;Minister of Security;Antoni Knot;1952;1970;1999;SL;Man of the People;High;MAntoni_Knot;X
551175;Minister of Security;Jozef Salwinski;1952;1970;1999;SL;Compassionate Gentleman;High;MJozef_Salwinski;X
551176;Minister of Security;Andrzej Burda;1957;1970;1999;SL;Silent Lawyer;High;MAndrzej_Burda;X
551177;Minister of Security;Mieczyslaw Piatkowski;1936;1945;1999;ML;Crime Fighter;High;MMieczyslaw_Seweryn_Piatkowski;X
551178;Minister of Security;Tadeusz Michejda;1936;1952;1999;ML;Health and Safety;High;MTadeusz_Michejda;X
551179;Minister of Security;Emil Sommerstein;1936;1953;1999;ML;Compassionate Gentleman;High;MEmil_Sommerstein;X
551180;Minister of Security;Jozef Torwinski;1940;1955;1999;ML;Crime Fighter;High;MJozef_Torwinski;X
551181;Minister of Security;Antoni Peretiatkowicz;1936;1956;1999;ML;Silent Lawyer;High;MAntoni_Peretiatkowicz;X
551182;Minister of Security;Ludwik Ehrlich;1940;1961;1999;ML;Silent Lawyer;High;MLudwik_Ehrlich;X
551183;Minister of Security;Juliusz Bruna;1936;1946;1999;SC;Compassionate Gentleman;High;MJuliusz_Bruna;X
551184;Minister of Security;Juliusz Makarewicz;1925;1947;1999;SC;Silent Lawyer;High;MJuliusz_Makarewicz;X
551185;Minister of Security;Marian Dabrowski;1926;1948;1999;SC;Media Magnate;High;MMarian_Dabrowski;X
551186;Minister of Security;Marian Borzecki;1930;1954;1999;SC;Crime Fighter;High;MMarian_Borzecki;X
551187;Minister of Security;Franciszek Sokol;1939;1956;1999;SC;Man of the People;High;MStefan_Franciszek_Sokol;X
551188;Minister of Security;Tadeusz Bigo;1939;1964;1999;SC;Silent Lawyer;High;MTadeusz_Bigo;X
551189;Minister of Security;Zbigniew Madeyski;1944;1968;1999;SC;Man of the People;High;MZbigniew_Madeyski;X
551190;Minister of Security;Antoni Deryng;1946;1970;1999;SC;Silent Lawyer;High;MAntoni_Deryng;X
551191;Minister of Security;Stanislaw Szurlej;1936;1948;1999;PA;Silent Lawyer;High;MStanislaw_Szurlej;X
551192;Minister of Security;Kordian Jozef Zamorski;1936;1955;1999;PA;Crime Fighter;High;LKordian_Jozef_Zamorski;X
551193;Minister of Security;Stanislaw Rymar;1930;1957;1999;PA;Man of the People;High;MStanislaw_Rymar;X
551194;Minister of Security;Henryk Jozewski;1930;1964;1999;PA;Efficient Sociopath;High;MHenryk_Jozewski;X
551195;Minister of Security;Roman Slaczka;1940;1965;1999;FA;Silent Lawyer;High;MRoman_Slaczka;X
551196;Minister of Security;Klaudiusz Hrabyk;1949;1970;1999;NS;Prince of Terror;High;MKlaudiusz_Hrabyk;X
551197;Head of Military Intelligence;Jan Huczko;1945;1970;1999;LWR;Industrial Specialist;High;MJan_Huczko;X
551198;Head of Military Intelligence;Leon Grosfeld;1950;1970;1999;LWR;Political Specialist;High;MLeon_Grosfeld;X
551199;Head of Military Intelligence;Stanislaw Grylowski;1939;1952;1999;SD;Industrial Specialist;High;MStanislaw_Grylowski;X
551200;Head of Military Intelligence;Stanislaw Janusz;1942;1960;1999;SL;Dismal Enigma;High;MStanislaw_Janusz;X
551201;Head of Military Intelligence;Marian Romeyko;1943;1970;1999;SL;Dismal Enigma;High;LMarian_Romeyko;X
551202;Head of Military Intelligence;Kazimierz Iranek-Osmecki;1944;1970;1999;ML;Logistics Specialist;High;LKazimierz_Iranek-Osmecki;X
551203;Head of Military Intelligence;Richard Yary;1936;1969;1999;SC;Dismal Enigma;High;LRichard_Franz_Marian_Yary;X
551204;Head of Military Intelligence;Jan Mazurkiewicz;1936;1970;1999;SC;Counterintelligence Specialist;High;LJan_Mazurkiewicz;X
551205;Head of Military Intelligence;Alfred Birkenmayer;1938;1970;1999;SC;Technical Specialist;High;MAlfred_Birkenmayer;X
551206;Head of Military Intelligence;Gabriel Sokolnicki;1930;1965;1999;PA;Industrial Specialist;High;MGabriel_Sokolnicki;X
551207;Head of Military Intelligence;Stanislaw Hempel;1938;1961;1999;FA;Political Specialist;High;MStanislaw_Hempel;X
551208;Chief of Staff;Marian Porwit;1938;1960;1999;SD;School of Psychology;High;L8102;X
551209;Minister of Armament;Marian Porwit;1930;1960;1999;SD;Infantry Proponent;High;L8102;X
551210;Head of Military Intelligence;Marian Porwit;1930;1960;1999;SD;Logistics Specialist;High;L8102;X
551211;Chief of Staff;Marian Boleslawicz;1940;1955;1999;SL;School of Fire Support;High;LMarian_Boleslawicz;X
551212;Chief of Staff;Tadeusz Klimecki;1941;1961;1999;SL;School of Psychology;High;L8058;X
551213;Chief of Staff;Tadeusz Kutrzeba;1927;1947;1999;ML;School of Manoeuvre;High;L8070;X
551214;Chief of Army;Tadeusz Kutrzeba;1939;1947;1999;ML;Elastic Defence Doctrine;High;L8070;X
551215;Minister of Armament;Tadeusz Kutrzeba;1927;1947;1999;ML;Reformer;High;L8070;X
551216;Chief of Staff;Jozef Rybak;1930;1947;1999;ML;School of Defence;High;LJozef_Rybak;X
551217;Head of Military Intelligence;Jozef Rybak;1922;1944;1999;ML;Logistics Specialist;High;LJozef_Rybak;X
551218;Chief of Staff;Bruno Olbrycht;1938;1960;1999;ML;School of Mass Combat;High;L8086;X
551219;Chief of Staff;Kazimierz Dworak;1942;1960;1999;ML;School of Manoeuvre;High;L8030;X
551220;Chief of Staff;Stanislaw Litynski;1942;1961;1999;ML;School of Psychology;High;LStanislaw_Litynski;X
551221;Chief of Staff;Eugeniusz Tinz;1925;1942;1999;SC;School of Fire Support;High;LEugeniusz_Tinz;X
551222;Chief of Staff;Roman Odzierzynski;1943;1957;1999;SC;School of Fire Support;High;L8084;X
551223;Chief of Air Force;Roman Odzierzynski;1938;1957;1999;SC;Air Defence Doctrine;High;L8084;X
551224;Chief of Staff;Jozef Jaklicz;1938;1959;1999;SC;School of Defence;High;L8049;X
551225;Chief of Staff;Wlodzimierz Zagorski;1924;1947;1999;PA;School of Defence;High;LWlodzimierz_Zagorski;X
551226;Head of Military Intelligence;Wlodzimierz Zagorski;1924;1947;1999;PA;Dismal Enigma;High;LWlodzimierz_Zagorski;X
551227;Chief of Staff;Ferdynand Zarzycki;1936;1953;1999;PA;School of Mass Combat;High;LFerdynand_Zarzycki;X
551228;Chief of Staff;Bronislaw Pieracki;1936;1960;1999;PA;School of Psychology;High;LBronislaw_Pieracki;X
551229;Chief of Army;Bronislaw Pieracki;1944;1960;1999;PA;Doctrine of Autonomy;High;LBronislaw_Pieracki;X
551230;Minister of Security;Bronislaw Pieracki;1936;1960;1999;PA;Efficient Sociopath;High;LBronislaw_Pieracki;X
551231;Chief of Staff;Tadeusz Komorowski;1939;1960;1999;PA;School of Manoeuvre;High;L8010;X
551232;Chief of Army;Tadeusz Komorowski;1944;1960;1999;PA;Old Cavalry General;High;L8010;X
551233;Chief of Army;Kazimierz Lados;1930;1942;1999;SL;Elastic Defence Doctrine;High;LKazimierz_Lados;X
551234;Chief of Army;Ottokar Brzoza-Brzezina;1936;1948;1999;SL;Innovative Artillery Officer;High;kaiserreich ottokar brzoza-brzezina;X
551235;Minister of Armament;Ottokar Brzoza-Brzezina;1922;1948;1999;SL;Artillery Proponent;High;kaiserreich ottokar brzoza-brzezina;X
551236;Head of Military Intelligence;Ottokar Brzoza-Brzezina;1922;1948;1999;SL;Industrial Specialist;High;kaiserreich ottokar brzoza-brzezina;X
551237;Chief of Army;Aleksander Batory;1940;1949;1999;ML;Decisive Battle Doctrine;High;LAleksander_Batory;X
551238;Chief of Army;Stanislaw Rola-Arciszewski;1940;1953;1999;ML;Armoured Spearhead Doctrine;High;L8112;X
551239;Chief of Army;Bronislaw Duch;1945;1961;1999;ML;Elastic Defence Doctrine;High;L8029;X
551240;Chief of Army;Tadeusz Adam Majewski;1950;1969;1999;ML;Armoured Spearhead Doctrine;High;LTadeusz_Adam_Majewski;X
551241;Chief of Army;Juliusz Tarnawa-Malczewski;1921;1938;1999;SC;Combat Engineering Doctrine;High;LJuliusz_Tarnawa-Malczewski;X
551242;Chief of Army;Andrzej Galica;1930;1939;1999;SC;Doctrine of Autonomy;High;LAndrzej_Galica;X
551243;Chief of Army;Stanislaw Haller de Hallenburg;1922;1940;1999;SC;Decisive Battle Doctrine;High;L8044;X
551244;Chief of Army;Jerzy Dobrowolski;1936;1944;1999;SC;Static Defence Doctrine;High;LJerzy_Dobrowolski;X
551245;Chief of Army;Leopold Cehak;1942;1954;1999;SC;Innovative Artillery Officer;High;L8014;X
551246;Chief of Army;Jozef Olszyna-Wilczynski;1938;1955;1999;SC;Combat Engineering Doctrine;High;L8087;X
551247;Chief of Army;Roman Abraham;1938;1961;1999;SC;Old Cavalry General;High;L8000;X
551248;Chief of Army;Aleksander Litwinowicz;1936;1948;1999;PA;Guns and Butter Doctrine;High;kaiserreich alitwinowicz;X
551249;Minister of Armament;Aleksander Litwinowicz;1936;1948;1999;PA;Military Entrepreneur;High;kaiserreich alitwinowicz;X
551250;Head of Military Intelligence;Aleksander Litwinowicz;1936;1948;1999;PA;Industrial Specialist;High;kaiserreich alitwinowicz;X
551251;Chief of Army;Karol Schroetter;1936;1949;1999;PA;Decisive Battle Doctrine;High;LKarol_Schroetter;X
551252;Chief of Navy;Antoni Halka-Ledochowski;1945;1965;1999;SD;Merchant Navy Focus;High;LAntoni_Halka-Ledochowski;X
551253;Chief of Navy;Bogumil Nowotny;1918;1960;1999;ML;Merchant Navy Focus;High;MBogumil_Franciszek_Nowotny;X
551254;Chief of Navy;Mieczyslaw Sierkuczewski;1943;1960;1999;ML;Riverine Warfare Doctrine;High;LMieczyslaw_Sierkuczewski;X
551255;Chief of Navy;Franciszek Pitulko;1958;1970;1999;ML;Decisive Naval Battle Doctrine;High;LFranciszek_Pitulko;X
551256;Chief of Navy;Czeslaw Petelenz;1921;1950;1999;SC;Coastal Defence Doctrine;High;LCzeslaw_Karol_Petelenz;X
551257;Chief of Navy;Karol Korytowski;1936;1957;1999;SC;Decisive Naval Battle Doctrine;High;L8170;X
551258;Chief of Navy;Tadeusz Morgenstern-Podjazd;1939;1960;1999;SC;Open Seas Doctrine;High;kaiserreich tmorgensternpodjazd;X
551259;Head of Military Intelligence;Tadeusz Morgenstern-Podjazd;1939;1960;1999;SC;Naval Intelligence Specialist;High;kaiserreich tmorgensternpodjazd;X
551260;Chief of Air Force;Karol Friser;1942;1955;1999;SL;Army Aviation Doctrine;High;LKarol_Friser;X
551261;Chief of Air Force;Stanislaw Jasinski;1932;1964;1999;ML;Aviation Organizer;High;LStanislaw_Jasinski;X
551262;Chief of Air Force;Mieczyslaw Mumler;1948;1970;1999;ML;Air Superiority Doctrine;High;LMieczyslaw_Mumler;X
551263;Chief of Air Force;Felicjan Sterba;1946;1961;1999;SC;Army Aviation Doctrine;High;LFelicjan_Sterba;X
551264;Minister of Armament;Wladyslaw Torun;1936;1964;1999;SC;Air to Ground Proponent;High;LWladyslaw_Torun;X
551265;Chief of Air Force;Wladyslaw Kalkus;1936;1946;1999;PA;Army Aviation Doctrine;High;L8182;X
551266;Chief of Air Force;Karol Trzasko-Durski;1936;1970;1999;PA;Naval Aviation Doctrine;High;kaiserreich ktrzaskodurski;X
551267;Minister of Armament;Karol Trzasko-Durski;1936;1970;1999;PA;Air to Sea Proponent;High;kaiserreich ktrzaskodurski;X
551268;Head of Military Intelligence;Karol Trzasko-Durski;1940;1970;1999;PA;Naval Intelligence Specialist;High;kaiserreich ktrzaskodurski;X
551269;Chief of Air Force;Aleksander Serednicki;1922;1956;1999;PA;Carpet Bombing Doctrine;High;LAleksander_Serednicki;X
551270;Chief of Air Force;Stefan Stec;1936;1964;1999;PA;Air Superiority Doctrine;High;LStefan_Stanislaw_Stec;X
551271;Minister of Armament;Stefan Stec;1936;1964;1999;PA;Air Superiority Proponent;High;LStefan_Stanislaw_Stec;X
551400;Head of State;Yosyp Krilyk;1946;1970;1999;LE;Die-hard Reformer;High;MOsyp_Vasylkiv_Krilyk;X
551401;Head of Military Intelligence;Yosyp Krilyk;1936;1970;1999;LE;Dismal Enigma;High;MOsyp_Vasylkiv_Krilyk;X
551402;Head of State;Hryhoriy Ivanenko;1936;1960;1999;LWR;Die-hard Reformer;High;MGrigory_Vasilievich_Ivanenko;X
551403;Head of Government;Hryhoriy Ivanenko;1936;1963;1999;LWR;Silent Workhorse;High;MGrigory_Vasilievich_Ivanenko;X
551404;Minister of Armament;Hryhoriy Ivanenko;1936;1963;1999;LWR;Planned Economy Proponent;High;MGrigory_Vasilievich_Ivanenko;X
551405;Head of State;Volodymyr Starosolskyi;1936;1952;1999;SD;Popular Figurehead;High;MVolodymyr_Starosolsky;X
551406;Head of Government;Volodymyr Starosolskyi;1936;1952;1999;SD;Naive Optimist;High;MVolodymyr_Starosolsky;X
551407;Foreign Minister;Volodymyr Starosolskyi;1920;1948;1999;SD;Great Compromiser;High;MVolodymyr_Starosolsky;X
551408;Minister of Security;Volodymyr Starosolskyi;1920;1948;1999;SD;Man of the People;High;MVolodymyr_Starosolsky;X
551409;Head of State;Symon Petlyura;1936;1954;1999;SD;Die-hard Reformer;High;KR_Petliura;X
551410;Head of State;Oleksandr Udovychenko;1954;1970;1999;SD;Resigned Generalissimo;High;MOleksandr_Udovychenko;X
551411;Chief of Army;Oleksandr Udovychenko;1936;1952;1999;SD;Elastic Defence Doctrine;High;L518020;X
551412;Head of Military Intelligence;Oleksandr Udovychenko;1936;1952;1999;SD;Logistics Specialist;High;L518020;X
551413;Head of State;Dmytro Levytskyi;1936;1944;1999;SL;Weary Stiffneck;High;MDmytro_Levytsky;X
551414;Head of State;Ivan Makukh;1936;1944;1999;SL;Benevolent Gentleman;High;MIvan_Makukh;X
551415;Head of Government;Ivan Makukh;1936;1944;1999;SL;Pragmatic Statesman;High;MIvan_Makukh;X
551416;Minister of Security;Ivan Makukh;1936;1944;1999;SL;Crime Fighter;High;MIvan_Makukh;X
551417;Head of State;Volodymyr Lysyi;1944;1966;1999;SL;Benevolent Gentleman;High;MVolodymyr_Lysy;X
551418;Minister of Security;Volodymyr Lysyi;1936;1966;1999;SL;Silent Lawyer;High;MVolodymyr_Lysy;X
551419;Head of State;Stepan Vytvytskyi;1944;1965;1999;ML;Benevolent Gentleman;High;MStepan_Vytvytskyi;X
551420;Foreign Minister;Stepan Vytvytskyi;1919;1965;1999;ML;Ideological Crusader;High;MStepan_Vytvytskyi;X
551421;Minister of Security;Stepan Vytvytskyi;1925;1965;1999;ML;Man of the People;High;MStepan_Vytvytskyi;X
551422;Head of State;Vasyl Mudryi;1936;1966;1999;ML;Die-hard Reformer;High;MVasyl_Mudry;X
551423;Head of Government;Vasyl Mudryi;1936;1966;1999;ML;Pragmatic Statesman;High;MVasyl_Mudry;X
551424;Minister of Security;Vasyl Mudryi;1936;1963;1999;ML;Man of the People;High;MVasyl_Mudry;X
551425;Head of State;Metropolitan Andrey Sheptytskyi;1936;1944;1999;SC;Benevolent Gentleman;High;kaiserreich asheptytsky;X
551426;Head of State;Kost Pankivskyi;1950;1970;1999;SC;Weary Stiffneck;High;MKost_Pankivsky;X
551427;Head of Government;Kost Pankivskyi;1950;1970;1999;SC;Political Protege;High;MKost_Pankivsky;X
551428;Minister of Security;Kost Pankivskyi;1941;1970;1999;SC;Silent Lawyer;High;MKost_Pankivsky;X
551429;Head of Government;Roman Kuzma;1936;1964;1999;LE;Naive Optimist;High;MRoman_Volodymyrovych_Kuzma;X
551430;Head of Government;Roman Rozdolskyi;1946;1967;1999;LWR;Silent Workhorse;High;MRoman_Rozdolsky;X
551431;Foreign Minister;Roman Rozdolskyi;1936;1967;1999;LWR;Ideological Crusader;High;MRoman_Rozdolsky;X
551432;Head of Government;Yosyp Bezpalko;1936;1954;1999;SD;Ambitious Union Boss;High;MYosyp_Bezpalko;X
551433;Minister of Security;Yosyp Bezpalko;1936;1954;1999;SD;Compassionate Gentleman;High;MYosyp_Bezpalko;X
551434;Head of Government;Volodymyr Kedrovskyi;1950;1970;1999;SD;Silent Workhorse;High;MVolodymyr_Kedrowsky;X
551435;Foreign Minister;Volodymyr Kedrovskyi;1936;1960;1999;SD;The Cloak N Dagger Schemer;High;MVolodymyr_Kedrowsky;X
551436;Head of Military Intelligence;Volodymyr Kedrovskyi;1936;1960;1999;SD;Logistics Specialist;High;MVolodymyr_Kedrowsky;X
551437;Head of Government;Stepan Baran;1936;1953;1999;SL;Pragmatic Statesman;High;MStepan_Baran;X
551438;Minister of Security;Stepan Baran;1920;1953;1999;SL;Media Magnate;High;MStepan_Baran;X
551439;Head of Government;Matviy Stakhiv;1944;1970;1999;SL;Happy Amateur;High;MMatvii_Stakhiv;X
551450;Foreign Minister;Matviy Stakhiv;1936;1970;1999;SL;Apologetic Clerk;High;MMatvii_Stakhiv;X
551451;Head of Government;Yulian Pavlykovskyi;1936;1950;1999;ML;Silent Workhorse;High;MYulian_Pavlykovsky;X
551452;Minister of Armament;Yulian Pavlykovskyi;1922;1950;1999;ML;Mixed Economy;High;MYulian_Pavlykovsky;X
551453;Head of Government;Volodymyr Tselevych;1940;1964;1999;ML;Ambitious Union Boss;High;MVolodymyr_Tselevych;X
551454;Head of Military Intelligence;Volodymyr Tselevych;1936;1961;1999;ML;Political Specialist;High;MVolodymyr_Tselevych;X
551455;Head of Government;Ivan 'Kedryn' Rudnytsky;1950;1970;1999;SC;Naive Optimist;High;MIvan_Kedryn_Rudnytsky;X
551456;Foreign Minister;Ivan 'Kedryn' Rudnytsky;1940;1970;1999;SC;The Cloak N Dagger Schemer;High;MIvan_Kedryn_Rudnytsky;X
551457;Foreign Minister;Mykhailo Lozynskyi;1936;1945;1999;LWR;Biased Intellectual;High;MMikhail_Mikhailovich_Lozinsky;X
551458;Foreign Minister;Yakiv Voytyuk;1936;1964;1999;LWR;Apologetic Clerk;High;MYakov_Semenovich_Voytyuk;X
551459;Minister of Security;Yakiv Voytyuk;1936;1964;1999;LWR;Compassionate Gentleman;High;MYakov_Semenovich_Voytyuk;X
551460;Foreign Minister;Mykola Porsh;1936;1949;1999;SD;Biased Intellectual;High;MMykola_Porsh;X
551461;Head of Military Intelligence;Mykola Porsh;1920;1949;1999;SD;Industrial Specialist;High;MMykola_Porsh;X
551462;Foreign Minister;Volodymyr Birchak;1936;1951;1999;SD;Ideological Crusader;High;MVolodymyr_Birchak;X
551463;Foreign Minister;Petro Didushok;1936;1959;1999;SD;Great Compromiser;High;MPetro_Didushok;X
551464;Minister of Security;Petro Didushok;1936;1959;1999;SD;Silent Lawyer;High;MPetro_Didushok;X
551465;Foreign Minister;Mykola Shlemkevych;1950;1966;1999;SL;Biased Intellectual;High;MMykola_Shlemkevych;X
551466;Minister of Security;Mykola Shlemkevych;1945;1966;1999;SL;Media Magnate;High;MMykola_Shlemkevych;X
551467;Foreign Minister;Kost Levytskyi;1918;1941;1999;ML;Ideological Crusader;High;MKost_Levytsky;X
551468;Minister of Armament;Kost Levytskyi;1918;1941;1999;ML;Bank President;High;MKost_Levytsky;X
551469;Foreign Minister;Volodymyr Zagaikevych;1930;1949;1999;ML;Biased Intellectual;High;MVolodymyr_Zagaykevich;X
551470;Foreign Minister;Vasyl Paneiko;1920;1953;1999;ML;Biased Intellectual;High;MVasyl_Paneiko;X
551471;Foreign Minister;Luka Myshuha;1936;1955;1999;ML;Ideological Crusader;High;MLuka_Myshuha;X
551472;Foreign Minister;Milena Rudnytska;1945;1970;1999;ML;Ideological Crusader;High;MMilena_Rudnytska;X
551473;Minister of Security;Milena Rudnytska;1945;1970;1999;ML;Compassionate Gentleman;High;MMilena_Rudnytska;X
551474;Foreign Minister;Volodymyr Kysilevskyi;1946;1970;1999;ML;Great Compromiser;High;MVolodymyr_Kysilevsky;X
551475;Foreign Minister;Osyp Nazaruk;1918;1943;1999;SC;Biased Intellectual;High;MOsyp_Nazaruk;X
551476;Minister of Security;Osyp Nazaruk;1918;1943;1999;SC;Media Magnate;High;MOsyp_Nazaruk;X
551477;Foreign Minister;Volodymyr Kuzmovych;1936;1951;1999;SC;Apologetic Clerk;High;MVolodymyr_Kuzmovych;X
551478;Foreign Minister;Ostap Lutskyi;1925;1953;1999;SC;Great Compromiser;High;MOstap_Lutsky;X
551479;Head of Military Intelligence;Ostap Lutskyi;1925;1953;1999;SC;Industrial Specialist;High;MOstap_Lutsky;X
551480;Foreign Minister;Roman Smal-Stotskyi;1936;1963;1999;SC;The Cloak N Dagger Schemer;High;MRoman_Smal-Stotsky;X
551481;Foreign Minister;Volodymyr Galan;1940;1968;1999;SC;General Staffer;High;MVolodymyr_Galan;X
551482;Minister of Armament;Volodymyr Galan;1940;1968;1999;SC;Military Entrepreneur;High;MVolodymyr_Galan;X
551483;Minister of Armament;Volodymyr Ogonovskyi;1940;1970;1999;LWR;Mixed Economy;High;MVolodymyr_Petrovych_Ogonovsky;X
551484;Head of Military Intelligence;Volodymyr Ogonovskyi;1936;1970;1999;LWR;Industrial Specialist;High;MVolodymyr_Petrovych_Ogonovsky;X
551485;Minister of Armament;Ostap Siyak;1930;1949;1999;SL;Bank President;High;MOstap_Siyak;X
551486;Minister of Armament;Teodor Vanyo;1930;1950;1999;SL;Mixed Economy;High;MTeodor_Vanyo;X
551487;Minister of Armament;Ivan Chmola;1936;1957;1999;SL;Infantry Proponent;High;LIvan_Chmola;X
551488;Minister of Armament;Mykola Tchaikovskyi;1936;1962;1999;SL;Theoretical Scientist;High;MMykola_Tchaikovsky;X
551489;Minister of Armament;Roman Tsehelskyi;1936;1952;1999;ML;Theoretical Scientist;High;MRoman_Tsegelsky;X
551490;Minister of Armament;Vasyl Ryzhevskyi;1936;1956;1999;ML;Construction Magnate;High;MVasyl_Ryzhevsky;X
551491;Minister of Armament;Mykhailo Halibei;1928;1958;1999;ML;Laissez-Faire Capitalist;High;MMykhailo_Halibey;X
551492;Minister of Armament;Stepan Kuzyk;1928;1953;1999;SC;Administrative Genius;High;MStepan_Kuzyk;X
551493;Minister of Armament;Osyp Seczynskyi;1944;1960;1999;SC;Steel Magnate;High;MOsyp_Seczynsky;X
551494;Minister of Armament;Andriy Paliy;1936;1961;1999;SC;Mixed Economy;High;MAndriy_Paliy;X
551495;Minister of Security;Fedir Zamora;1936;1952;1999;LWR;Man of the People;High;MFedir_Pavlovich_Zamora;X
551496;Minister of Security;Myron Zayachkivskyi;1936;1967;1999;LWR;Health and Safety;High;MMyron_Tytovych_Zayachkivsky;X
551497;Minister of Security;Myroslav Irchan;1937;1967;1999;LWR;Media Magnate;High;MMyroslav_Irchan;X
551498;Minister of Security;Semyon Vityk;1919;1941;1999;SD;Back Stabber;High;MSemen_Vityk;X
551499;Minister of Security;Lev Hankevych;1928;1962;1999;SD;Silent Lawyer;High;MLev_Hankevich;X
551500;Minister of Security;Maksym Muzyka;1939;1969;1999;SD;Health and Safety;High;MMaksym_Muzyka;X
551501;Minister of Security;Metropolitan Ilarion;1936;1970;1999;SD;Man of the People;High;MIvan_Ivanovych_Ohiyenko;X
551502;Minister of Security;Mykhailo Voloshyn;1925;1943;1999;SL;Silent Lawyer;High;MMykhailo_Voloshyn;X
551503;Minister of Security;Borys Kozubskyi;1922;1953;1999;SL;Compassionate Gentleman;High;MBorys_Kozubsky;X
551504;Minister of Security;Olena Kysilevska;1936;1956;1999;SL;Compassionate Gentleman;High;MOlena_Kysilevska;X
551505;Minister of Security;Oleksandr Maritchak;1939;1962;1999;SL;Silent Lawyer;High;MOleksandr_Maritchak;X
551506;Head of Military Intelligence;Oleksandr Maritchak;1936;1962;1999;SL;Political Specialist;High;MOleksandr_Maritchak;X
551507;Minister of Security;Tyt-Evgeny Burachynskyi;1936;1963;1999;SL;Health and Safety;High;MTyt-Evgeny_Burachynsky;X
551508;Minister of Security;Mykhailo Rudnytskyi;1939;1970;1999;SL;Media Magnate;High;MMykhailo_Rudnytsky;X
551509;Minister of Security;Roman Perfetskyi;1921;1945;1999;ML;Man of the People;High;MRoman_Perfetsky;X
551510;Minister of Security;Maryan Panchyshyn;1930;1946;1999;ML;Health and Safety;High;MMaryan_Panchyshyn;X
551511;Minister of Security;Pavlo Lysiak;1936;1948;1999;ML;Media Magnate;High;MPavlo_Lysiak;X
551512;Minister of Security;Vasyl Dmytriyuk;1939;1960;1999;ML;Health and Safety;High;MVasyl_Dmytriyuk;X
551513;Minister of Security;Yuriy Paneiko;1939;1963;1999;ML;Silent Lawyer;High;MYuriy_Paneiko;X
551514;Minister of Security;Ivan Babiy;1940;1963;1999;ML;Compassionate Gentleman;High;MIvan_Babiy;X
551515;Minister of Security;Antin Zaplitnyi;1941;1968;1999;ML;Crime Fighter;High;MAntin_Zaplitny;X
551516;Minister of Security;Osyp Burachynskyi;1936;1943;1999;SC;Silent Lawyer;High;MOsyp_Burachynsky;X
551517;Minister of Security;Mykola Chubatyi;1939;1970;1999;SC;Silent Lawyer;High;MMykola_Chubaty;X
551518;Minister of Security;Roman Osinchuk;1942;1970;1999;SC;Health and Safety;High;MRoman_Osinchuk;X
551519;Minister of Security;Mykhailo 'Demkovich' Dobryanskyi;1954;1970;1999;SC;Media Magnate;High;MMykhailo_Demkovich-Dobryansky;X
551520;Head of Military Intelligence;Mykhailo 'Demkovich' Dobryanskyi;1944;1970;1999;SC;Political Specialist;High;MMykhailo_Demkovich-Dobryansky;X
551521;Minister of Security;Lubomyr Ogonovskyi;1942;1955;1999;PA;Crime Fighter;High;MLubomyr_Ogonovsky;X
551522;Head of Military Intelligence;Mykola Stronskyi;1936;1951;1999;LWR;Political Specialist;High;MMykola_Stronsky;X
551523;Head of Military Intelligence;Bohdan Dudykevich;1951;1970;1999;LWR;Political Specialist;High;MBohdan_Kornylovych_Dudykevich;X
551524;Head of Military Intelligence;Osyp Dumin;1936;1963;1999;SD;Dismal Enigma;High;MOsyp_Oleksiyovych_Dumin;X
551525;Head of Military Intelligence;Borys Levytskyi;1952;1970;1999;SD;Political Specialist;High;MBorys_Levytsky;X
551526;Head of Military Intelligence;Ivan Vyslotskyi;1936;1963;1999;SL;Logistics Specialist;High;MIvan_Vyslotsky;X
551527;Head of Military Intelligence;Bohdan Barvinskyi;1936;1950;1999;SC;Political Specialist;High;MBohdan_Barvinsky;X
551528;Head of Military Intelligence;Osyp Navrotskyi;1936;1962;1999;SC;Logistics Specialist;High;MOsyp_Navrotsky;X
551529;Head of Military Intelligence;Mykhailo Matchak;1936;1965;1999;SC;Dismal Enigma;High;MMykhaylo_Matchak;X
551530;Head of Military Intelligence;Atanas Figol;1952;1970;1999;SC;Industrial Specialist;High;MAtanas_Figol;X
551531;Chief of Staff;Hryhoriy Kossak;1936;1947;1999;SL;School of Mass Combat;High;LHryhoriy_Kossak;X
551532;Chief of Army;Hryhoriy Kossak;1936;1947;1999;SL;Guns and Butter Doctrine;High;LHryhoriy_Kossak;X
551533;Chief of Staff;Alfred Shamanek;1936;1948;1999;ML;School of Psychology;High;LAlfred_Shamanek;X
551534;Chief of Staff;Viktor Kurmanovich;1936;1941;1999;SC;School of Psychology;High;LViktor_Kurmanovich;X
551535;Chief of Staff;Ferdinand Lohner;1936;1951;1999;SC;School of Defence;High;LFerdinand_Lohner;X
551536;Foreign Minister;Ferdinand Lohner;1936;1951;1999;SC;General Staffer;High;LFerdinand_Lohner;X
551537;Chief of Staff;Yulian Golovinskyi;1936;1959;1999;SC;School of Manoeuvre;High;LYulian_Mykolayovych_Golovinsky;X
551538;Chief of Army;Yulian Golovinskyi;1940;1959;1999;SC;Doctrine of Autonomy;High;LYulian_Mykolayovych_Golovinsky;X
551539;Head of Military Intelligence;Yulian Golovinskyi;1930;1959;1999;SC;Logistics Specialist;High;LYulian_Mykolayovych_Golovinsky;X
551540;Chief of Army;Oleksandr Hrekiv;1936;1941;1999;SL;Doctrine of Autonomy;High;LOleksandr_Petrovych_Hrekov;X
551541;Chief of Army;Dmytro Vitovskyi;1937;1953;1999;SL;Doctrine of Autonomy;High;LDmytro_Vitovsky;X
551542;Chief of Army;Mykhailo Omelyanovych-Pavlenko;1936;1944;1999;PA;Decisive Battle Doctrine;High;KR_Pavlenko;X
551543;Chief of Army;Ivan Omelyanovych-Pavlenko;1936;1947;1999;PA;Old Cavalry General;High;LIvan_Omelyanovych-Pavlenko;X
551544;Chief of Air Force;Petro Franko;1936;1955;1999;SD;Aviation Organizer;High;LPetro_Franko;X
