HUN;Ruling Cabinet - Start;Name;Start Year;End Year;Retirement Year;Ideology;Personality;Loyalty;Picturename;X
;Replacements;;;;;;;;;X
21000;Head of State;Kun Béla;1920;1946;1999;ST;Totalist President;High;MBela_Kun;X
21001;Foreign Minister;Kun Béla;1920;1946;1999;ST;Iron Fisted Brute;High;MBela_Kun;X
21002;Head of State;Rákosi Mátyás;1944;1970;1999;ST;Ruthless Powermonger;High;M21032;X
21003;Head of Government;Rákosi Mátyás;1936;1970;1999;ST;Backroom Backstabber;High;M21032;X
21004;Head of State;Rajk László;1952;1970;1999;ST;Autocratic Charmer;High;M21035;X
21005;Foreign Minister;Rajk László;1948;1970;1999;ST;Iron Fisted Brute;High;M21035;X
21006;Minister of Security;Rajk László;1946;1970;1999;ST;Back Stabber;High;M21035;X
21007;Head of State;Karikás Frigyes;1940;1956;1999;LE;Syndicalist Demagogue;High;MKarikas_Frigyes;X
21008;Head of State;Demény Pál;1952;1970;1999;LE;Die-hard Reformer;High;MDemeny_Pal;X
21009;Head of Government;Demény Pál;1944;1970;1999;LE;Pragmatic Statesman;High;MDemeny_Pal;X
21010;Head of State;Fiedler Rezso;1936;1949;1999;LWR;Die-hard Reformer;High;MFiedler_Rezso;X
21011;Minister of Armament;Fiedler Rezso;1936;1949;1999;LWR;Military Entrepreneur;High;MFiedler_Rezso;X
21012;Head of State;Nagy Imre;1948;1970;1999;LWR;Benevolent Gentleman;High;M21113;X
21013;Head of Government;Nagy Imre;1946;1970;1999;LWR;Naive Optimist;High;M21113;X
21014;Minister of Security;Nagy Imre;1944;1970;1999;LWR;Man of the People;High;M21113;X
21015;Head of State;Peidl Gyula;1920;1940;1999;SD;Die-hard Reformer;High;MPeidl_Gyula;X
21016;Head of State;Böhm Vilmos;1936;1949;1999;SD;Weary Stiffneck;High;MBohm_Vilmos;X
21017;Foreign Minister;Böhm Vilmos;1920;1949;1999;SD;Apologetic Clerk;High;MBohm_Vilmos;X
21018;Head of State;Buchinger Manó;1936;1950;1999;SD;Die-hard Reformer;High;MBuchinger_Mano;X
21019;Foreign Minister;Buchinger Manó;1919;1950;1999;SD;Biased Intellectual;High;MBuchinger_Mano;X
21020;Head of State;Mónus Illés;1940;1958;1999;SD;Die-hard Reformer;High;MMonus_Illes;X
21021;Head of State;Szakasits Árpád;1946;1963;1999;SD;Insignificant Layman;High;M21061;X
21022;Head of Government;Szakasits Árpád;1940;1963;1999;SD;Backroom Backstabber;High;M21061;X
21023;Minister of Security;Szakasits Árpád;1936;1963;1999;SD;Back Stabber;High;M21061;X
21024;Head of State;Dobi István;1956;1968;1999;SD;Insignificant Layman;High;MDobi_Istvan;X
21025;Head of Government;Dobi István;1952;1968;1999;SD;Naive Optimist;High;MDobi_Istvan;X
21026;Minister of Security;Dobi István;1946;1968;1999;SD;Man of the People;High;MDobi_Istvan;X
21027;Head of State;Kéthly Anna;1956;1970;1999;SD;Die-hard Reformer;High;MKethly_Anna;X
21028;Foreign Minister;Kéthly Anna;1944;1964;1999;SD;Ideological Crusader;High;MKethly_Anna;X
21029;Head of State;Szabó Pál;1938;1970;1999;SD;Popular Figurehead;High;MSzabo_Pal;X
21030;Head of Government;Szabó Pál;1938;1970;1999;SD;Naive Optimist;High;MSzabo_Pal;X
21031;Foreign Minister;Szabó Pál;1938;1963;1999;SD;Ideological Crusader;High;MSzabo_Pal;X
21032;Head of State;Veres Péter;1945;1970;1999;SD;Benevolent Gentleman;High;MVeres_Peter;X
21033;Head of Government;Veres Péter;1938;1970;1999;SD;Happy Amateur;High;MVeres_Peter;X
21034;Minister of Security;Veres Péter;1938;1967;1999;SD;Compassionate Gentleman;High;MVeres_Peter;X
21035;Head of State;Károlyi Mihály;1936;1955;1999;SL;Popular Figurehead;High;MKarolyi_Mihaly;X
21036;Head of State;Jászi Oszkár;1936;1955;1999;SL;Die-hard Reformer;High;MJaszi_Oszkar;X
21037;Head of Government;Jászi Oszkár;1936;1955;1999;SL;Naive Optimist;High;MJaszi_Oszkar;X
21038;Head of State;Harrer Ferenc;1943;1969;1999;SL;Popular Figurehead;High;MHarrer_Ferenc;X
21039;Head of Government;Harrer Ferenc;1943;1969;1999;SL;Silent Workhorse;High;MHarrer_Ferenc;X
21040;Head of State;Supka Géza;1936;1950;1999;ML;Popular Figurehead;High;MSupka_Geza;X
21041;Minister of Security;Supka Géza;1936;1950;1999;ML;Media Magnate;High;MSupka_Geza;X
21042;Head of State;Sulyok Dezso;1948;1965;1999;ML;Die-hard Reformer;High;MSulyok_Dezso;X
21043;Minister of Security;Sulyok Dezso;1943;1965;1999;ML;Crime Fighter;High;MSulyok_Dezso;X
21044;Head of State;Szijj Bálint;1930;1945;1999;SC;Popular Figurehead;High;MSzijj_Balint;X
21045;Head of State;Bartha Albert;1936;1956;1999;SC;Resigned Generalissimo;High;MBartha_Albert;X
21046;Foreign Minister;Bartha Albert;1922;1947;1999;SC;General Staffer;High;MBartha_Albert;X
21047;Head of State;Tildy Zoltán;1945;1961;1999;SC;Die-hard Reformer;High;M21011;X
21048;Head of Government;Tildy Zoltán;1936;1961;1999;SC;Silent Workhorse;High;M21011;X
21049;Head of State;Nagy Ferenc;1950;1970;1999;SC;Die-hard Reformer;High;M21012;X
21050;Head of Government;Nagy Ferenc;1945;1970;1999;SC;Ambitious Union Boss;High;M21012;X
21051;Foreign Minister;Nagy Ferenc;1943;1970;1999;SC;Great Compromiser;High;M21012;X
21052;Head of State;Apponyi II. György Alexander;1950;1970;1999;SC;Weary Stiffneck;High;MApponyi_Gyorgy_Alexander;X
21053;Foreign Minister;Apponyi II. György Alexander;1944;1970;1999;SC;Biased Intellectual;High;MApponyi_Gyorgy_Alexander;X
21054;Head of State;Bethlen István;1936;1945;1999;PA;Weary Stiffneck;High;kaiserreich Bethlen;X
21055;Head of Government;Bethlen István;1921;1945;1999;PA;Political Protege;High;kaiserreich Bethlen;X
21056;Foreign Minister;Bethlen István;1921;1945;1999;PA;The Cloak N Dagger Schemer;High;kaiserreich Bethlen;X
21057;Head of State;Andrássy Sándor;1936;1946;1999;PA;Weary Stiffneck;High;MAndrassy_Sandor;X
21058;Head of State;Bánffy Dániel;1936;1963;1999;PA;Benevolent Gentleman;High;MBanffy_Daniel;X
21059;Head of State;Kállay Miklós;1942;1967;1999;PA;Weary Stiffneck;High;M21057;X
21060;Head of Government;Kállay Miklós;1936;1967;1999;PA;Political Protege;High;M21057;X
21061;Minister of Security;Kállay Miklós;1936;1962;1999;PA;Compassionate Gentleman;High;M21057;X
21062;Head of State;Esterházy I. Pál;1936;1970;1999;PA;Popular Figurehead;High;HUN_pal;X
21063;Head of State;Szász-Coburg-Gotha-Koháry I. Fülöp;1936;1970;1999;PA;German Aristocrat;High;MPhilipp_Josias_von_Sachsen-Coburg_und_Gotha;X
21064;Head of State;S.K.u.K.M. Habsburg Ottó;1936;1970;1999;PA;Young Kaiser;High;kaiserreich ottoivh;X
21065;Head of State;S.K.u.K.M. Habsburg IV. Károly;1916;1941;1999;FA;Die-hard Reformer;High;MKarl_von_Habsburg;X
21066;Head of State;Habsburg-Lotaringiai József Ágost;1920;1962;1999;FA;Stern Imperialist;High;MJoseph_August_vonOsterreich;X
21067;Head of State;Barthá Karoly;1936;1964;1999;FA;Resigned Generalissimo;High;Bartha_Karoly_hun;X
21068;Head of Government;Barthá Karoly;1936;1964;1999;FA;Old General;High;Bartha_Karoly_hun;X
21069;Chief of Army;Barthá Karoly;1936;1949;1999;FA;Guns and Butter Doctrine;High;Bartha_Karoly_hun;X
21070;Head of State;Eckhardt Tibor;1936;1970;1999;FA;Autocratic Charmer;High;MEckhardt_Tibor;X
21071;Head of Government;Eckhardt Tibor;1936;1970;1999;FA;Backroom Backstabber;High;MEckhardt_Tibor;X
21072;Foreign Minister;Eckhardt Tibor;1936;1958;1999;FA;Iron Fisted Brute;High;MEckhardt_Tibor;X
21073;Head of State;Habsburg-Lotaringiai József Ferenc;1948;1970;1999;FA;Stern Imperialist;High;MJosef_Franz_vonOsterreich;X
21074;Head of State;Teleki Mihály;1936;1970;1999;FA;Stern Imperialist;High;MTeleki_Mihaly;X
21075;Head of Government;Teleki Mihály;1949;1970;1999;FA;Pragmatic Statesman;High;MTeleki_Mihaly;X
21076;Minister of Armament;Teleki Mihály;1938;1966;1999;FA;Mixed Economy;High;MTeleki_Mihaly;X
21077;Head of State;Imrédy Béla;1940;1970;1999;NS;Ruthless Powermonger;High;M21024;X
21078;Head of Government;Imrédy Béla;1940;1970;1999;NS;Corporate Suit;High;M21024;X
21079;Minister of Armament;Imrédy Béla;1936;1961;1999;NS;Industrialiser;High;M21024;X
21080;Head of Government;Gero Erno;1945;1970;1999;ST;Totalist Chairman;High;M21093;X
21081;Head of Military Intelligence;Gero Erno;1941;1968;1999;ST;Counterintelligence Specialist;High;M21093;X
21082;Head of Government;Somogyi Miklós;1940;1970;1999;LE;Silent Workhorse;High;MSomogyi_Miklos;X
21083;Head of Government;Rózsa Ferenc;1956;1970;1999;LE;Ambitious Union Boss;High;MRozsa_Ferenc;X
21084;Head of Government;Hirossik János;1936;1949;1999;LWR;Happy Amateur;High;MHirossik_Janos;X
21085;Head of Government;Szántó Zoltán;1948;1970;1999;LWR;Ambitious Union Boss;High;MSzanto_Zoltan;X
21086;Foreign Minister;Szántó Zoltán;1944;1963;1999;LWR;The Cloak N Dagger Schemer;High;MSzanto_Zoltan;X
21087;Head of Military Intelligence;Szántó Zoltán;1936;1963;1999;LWR;Political Specialist;High;MSzanto_Zoltan;X
21088;Head of Government;Horváth Márton;1956;1970;1999;LWR;Pragmatic Statesman;High;MHorvath_Marton;X
21089;Minister of Security;Horváth Márton;1950;1970;1999;LWR;Media Magnate;High;MHorvath_Marton;X
21090;Head of Government;Szeder Ferenc;1936;1951;1999;SD;Ambitious Union Boss;High;MSzeder_Ferenc;X
21091;Minister of Security;Szeder Ferenc;1920;1951;1999;SD;Man of the People;High;MSzeder_Ferenc;X
21092;Head of Government;Peyer Károly;1936;1951;1999;SD;Ambitious Union Boss;High;M21045;X
21093;Minister of Security;Peyer Károly;1920;1951;1999;SD;Man of the People;High;M21045;X
21094;Head of Military Intelligence;Peyer Károly;1918;1951;1999;SD;Industrial Specialist;High;M21045;X
21095;Head of Government;Polányi Károly;1936;1964;1999;SD;Silent Workhorse;High;MKarl_Polanyi;X
21096;Minister of Armament;Polányi Károly;1936;1964;1999;SD;Mixed Economy;High;MKarl_Polanyi;X
21097;Head of Government;Kühtreiber Ödön;1956;1970;1999;SD;Silent Workhorse;High;MKuhtreiber_Kishazi_Odon;X
21098;Head of Military Intelligence;Kühtreiber Ödön;1950;1970;1999;SD;Industrial Specialist;High;MKuhtreiber_Kishazi_Odon;X
21099;Head of Government;Rupert Rezso;1936;1955;1999;SL;Naive Optimist;High;MRupert_Rezso;X
21100;Head of Government;Kovács Imre;1954;1970;1999;SL;Silent Workhorse;High;MKovacs_Imre;X
21101;Minister of Armament;Kovács Imre;1947;1970;1999;SL;Mixed Economy;High;MKovacs_Imre;X
21102;Foreign Minister;Kovács Imre;1949;1970;1999;SL;Ideological Crusader;High;MKovacs_Imre;X
21103;Head of Government;Vázsonyi János;1945;1970;1999;ML;Political Protege;High;MVazsonyi_Janos;X
21104;Minister of Security;Vázsonyi János;1940;1970;1999;ML;Silent Lawyer;High;MVazsonyi_Janos;X
21105;Head of Government;Kovács Béla;1950;1970;1999;ML;Ambitious Union Boss;High;MKovacs_Bela;X
21106;Minister of Security;Kovács Béla;1948;1970;1999;ML;Man of the People;High;MKovacs_Bela;X
21107;Head of Government;Rassay Károly;1936;1950;1999;SC;Flamboyant Tough Guy;High;rassay_karoly;X
21108;Head of Government;P. Ábrahám Dezso;1936;1956;1999;SC;Backroom Backstabber;High;MPattantyus-Abraham_Dezso;X
21109;Minister of Security;P. Ábrahám Dezso;1936;1945;1999;SC;Back Stabber;High;MPattantyus-Abraham_Dezso;X
21110;Head of Government;Oltványi Imre;1945;1963;1999;SC;Corporate Suit;High;M21086;X
21111;Minister of Armament;Oltványi Imre;1943;1963;1999;SC;Bank President;High;M21086;X
21112;Head of Government;Marschall Ferenc;1942;1970;1999;SC;Silent Workhorse;High;MMarschall_Ferenc;X
21113;Minister of Security;Marschall Ferenc;1936;1962;1999;SC;Man of the People;High;MMarschall_Ferenc;X
21114;Head of Government;Teleki Béla;1944;1970;1999;SC;Silent Workhorse;High;MTeleki_Bela1899;X
21115;Minister of Armament;Teleki Béla;1940;1970;1999;SC;Administrative Genius;High;MTeleki_Bela1899;X
21116;Head of Government;Barankovics István;1949;1970;1999;SC;Pragmatic Statesman;High;MBarankovics_Istvan;X
21117;Minister of Security;Barankovics István;1946;1970;1999;SC;Man of the People;High;MBarankovics_Istvan;X
21118;Head of Government;Teleki Pál;1936;1949;1999;PA;Flamboyant Tough Guy;High;kaiserreich Teleki;X
21119;Foreign Minister;Teleki Pál;1920;1949;1999;PA;Biased Intellectual;High;kaiserreich Teleki;X
21120;Head of Government;Varga Béla;1947;1970;1999;PA;Pragmatic Statesman;High;MVarga_Bela;X
21121;Foreign Minister;Varga Béla;1943;1970;1999;PA;Ideological Crusader;High;MVarga_Bela;X
21122;Head of Government;Sigray Antal;1934;1947;1999;FA;Political Protege;High;MSigray_Antal;X
21123;Head of Government;Jaross Andor;1940;1970;1999;NS;Local Tyrant;High;M21025;X
21124;Minister of Security;Jaross Andor;1938;1966;1999;NS;Prince of Terror;High;M21025;X
21125;Foreign Minister;Münnich Ferenc;1936;1961;1999;ST;General Staffer;High;MMunnich_Ferenc;X
21126;Minister of Security;Münnich Ferenc;1936;1951;1999;ST;Secret Police Chief;High;MMunnich_Ferenc;X
21127;Foreign Minister;Horváth Imre;1949;1958;1999;LE;Apologetic Clerk;High;MHorvath_Imre;X
21128;Foreign Minister;Szántó Béla;1919;1951;1999;LWR;Ideological Crusader;High;MSzanto_Bela;X
21129;Head of Military Intelligence;Szántó Béla;1919;1951;1999;LWR;Dismal Enigma;High;MSzanto_Bela;X
21130;Foreign Minister;Alpári Gyula;1920;1952;1999;LWR;The Cloak N Dagger Schemer;High;MAlpari_Gyula;X
21131;Head of Military Intelligence;Alpári Gyula;1920;1952;1999;LWR;Political Specialist;High;MAlpari_Gyula;X
21132;Foreign Minister;Czóbel Erno;1920;1953;1999;LWR;Biased Intellectual;High;MCzobel_Erno;X
21133;Foreign Minister;Pogány József;1919;1956;1999;LWR;Ideological Crusader;High;MPogany_Jozsef;X
21134;Foreign Minister;Sík Endre;1940;1961;1999;LWR;Great Compromiser;High;MSik_Endre;X
21135;Foreign Minister;Magyar Lajos;1940;1961;1999;LWR;Great Compromiser;High;MMagyar_Lajos;X
21136;Head of Military Intelligence;Magyar Lajos;1936;1961;1999;LWR;Political Specialist;High;MMagyar_Lajos;X
21137;Foreign Minister;Molnár Erik;1947;1964;1999;LWR;Great Compromiser;High;M21079;X
21138;Minister of Security;Molnár Erik;1945;1964;1999;LWR;Man of the People;High;M21079;X
21139;Foreign Minister;Szobek András;1947;1964;1999;LWR;Apologetic Clerk;High;MSzobek_Andras;X
21140;Foreign Minister;Nógrádi Sándor;1948;1964;1999;LWR;The Cloak N Dagger Schemer;High;MNogradi_Sandor;X
21141;Minister of Security;Nógrádi Sándor;1948;1964;1999;LWR;Efficient Sociopath;High;MNogradi_Sandor;X
21142;Foreign Minister;Szilágyi Dezso;1949;1967;1999;LWR;Ideological Crusader;High;MSzilagyi_Dezso;X
21143;Foreign Minister;Berei Andor;1948;1970;1999;LWR;Biased Intellectual;High;MBerei_Andor;X
21144;Minister of Armament;Berei Andor;1947;1970;1999;LWR;Planned Economy Proponent;High;MBerei_Andor;X
21145;Foreign Minister;Kállai Gyula;1949;1970;1999;LWR;Ideological Crusader;High;MKallai_Gyula;X
21146;Minister of Security;Kállai Gyula;1954;1970;1999;LWR;Efficient Sociopath;High;MKallai_Gyula;X
21147;Foreign Minister;Donáth Ferenc;1951;1970;1999;LWR;Biased Intellectual;High;MDonath_Ferenc;X
21148;Foreign Minister;Haubrich József;1936;1948;1999;SD;Apologetic Clerk;High;MHaubrich_Jozsef;X
21149;Foreign Minister;Róth Ottó;1936;1954;1999;SD;Ideological Crusader;High;MRoth_Otto;X
21150;Foreign Minister;Bibó István;1947;1970;1999;SD;Great Compromiser;High;MBibo_Istvan;X
21151;Minister of Security;Bibó István;1947;1970;1999;SD;Silent Lawyer;High;MBibo_Istvan;X
21152;Foreign Minister;Szélig Imre;1950;1970;1999;SD;Ideological Crusader;High;MSzelig_Imre;X
21153;Head of Military Intelligence;Szélig Imre;1948;1970;1999;SD;Political Specialist;High;MSzelig_Imre;X
21154;Foreign Minister;Incze Jeno;1951;1970;1999;SD;Apologetic Clerk;High;MIncze_Jeno;X
21155;Foreign Minister;Vámbéry Rusztem;1923;1948;1999;SL;Biased Intellectual;High;MVambery_Rusztem;X
21156;Minister of Security;Vámbéry Rusztem;1923;1948;1999;SL;Crime Fighter;High;MVambery_Rusztem;X
21157;Foreign Minister;Szmazsenka Jeno;1925;1950;1999;SL;The Cloak N Dagger Schemer;High;MNandor_Taroczy;X
21158;Head of Military Intelligence;Szmazsenka Jeno;1925;1950;1999;SL;Dismal Enigma;High;MNandor_Taroczy;X
21159;Foreign Minister;Jakabffy Elemér;1936;1951;1999;SL;Great Compromiser;High;MJakabffy_Elemer;X
21160;Foreign Minister;Csécsy Imre;1936;1961;1999;SL;Biased Intellectual;High;MCsecsy_Imre;X
21161;Foreign Minister;Mihályfi Erno;1947;1970;1999;SL;The Cloak N Dagger Schemer;High;MMihalyfi_Erno;X
21162;Minister of Security;Mihályfi Erno;1947;1970;1999;SL;Media Magnate;High;MMihalyfi_Erno;X
21163;Foreign Minister;Khuen-Héderváry Sándor;1925;1951;1999;ML;Great Compromiser;High;MKhuen-Hedervary_Sandor;X
21164;Foreign Minister;Gyöngyösi János;1939;1951;1999;ML;Ideological Crusader;High;M21013;X
21165;Foreign Minister;Gajzágó László;1927;1953;1999;ML;Biased Intellectual;High;MGajzago_Laszlo;X
21166;Minister of Security;Gajzágó László;1927;1953;1999;ML;Silent Lawyer;High;MGajzago_Laszlo;X
21167;Foreign Minister;Rudolf Andorka (Rezso);1938;1956;1999;ML;The Cloak N Dagger Schemer;High;MRudolf_Andorka_Rezso;X
21168;Head of Military Intelligence;Rudolf Andorka (Rezso);1938;1956;1999;ML;Dismal Enigma;High;MRudolf_Andorka_Rezso;X
21169;Foreign Minister;Zsedényi Béla;1942;1959;1999;ML;Ideological Crusader;High;M21031;X
21170;Minister of Security;Zsedényi Béla;1942;1959;1999;ML;Silent Lawyer;High;M21031;X
21171;Foreign Minister;Kertész István;1951;1970;1999;ML;Great Compromiser;High;MKertesz_Istvan;X
21172;Foreign Minister;Hantos Elemér;1918;1942;1999;SC;Ideological Crusader;High;MElemer_Hantos;X
21173;Minister of Armament;Hantos Elemér;1918;1942;1999;SC;Administrative Genius;High;MElemer_Hantos;X
21174;Foreign Minister;Szüllo Géza;1925;1944;1999;SC;Biased Intellectual;High;MSzullo_Geza;X
21175;Foreign Minister;Bánffy Miklós;1922;1950;1999;SC;Biased Intellectual;High;banffy_miklos;X
21176;Foreign Minister;Csáky Imre;1920;1952;1999;SC;Apologetic Clerk;High;MCsaky_Imre;X
21177;Foreign Minister;Jungerth-Arnóthy Mihály;1933;1953;1999;SC;Biased Intellectual;High;MJungerth-Arnothy_Mihaly;X
21178;Foreign Minister;Hory András;1934;1953;1999;SC;The Cloak N Dagger Schemer;High;MHory_Andras;X
21179;Foreign Minister;Németh Imre;1940;1954;1999;SC;General Staffer;High;Nemeth_Imre_hun;X
21180;Foreign Minister;Turchányi Imre;1938;1955;1999;SC;Apologetic Clerk;High;MTurchanyi_Imre;X
21181;Head of Military Intelligence;Turchányi Imre;1935;1955;1999;SC;Political Specialist;High;MTurchanyi_Imre;X
21182;Foreign Minister;Ullein-Reviczky Antal;1941;1955;1999;SC;Biased Intellectual;High;MUllein-Reviczky_Antal;X
21183;Foreign Minister;Bajcsy-Zsilinszky Endre;1936;1956;1999;SC;Ideological Crusader;High;M21074;X
21184;Foreign Minister;Barcza György;1925;1958;1999;SC;Biased Intellectual;High;MBarcza_Gyorgy;X
21185;Foreign Minister;Miklóssi Ferdinánd Leó;1936;1959;1999;SC;Great Compromiser;High;MMiklossi_Ferdinand_Leo;X
21186;Minister of Armament;Miklóssi Ferdinánd Leó;1940;1959;1999;SC;Laissez-Faire Capitalist;High;MMiklossi_Ferdinand_Leo;X
21187;Foreign Minister;Bakách-Bessenyey György;1944;1959;1999;SC;Ideological Crusader;High;MBakach-Bessenyey_Gyorgy;X
21188;Foreign Minister;Utassy Lorand;1944;1962;1999;SC;Ideological Crusader;High;MUtassy_Lorand;X
21189;Foreign Minister;Auer Pál;1924;1965;1999;SC;Great Compromiser;High;MAuer_Pal;X
21190;Minister of Security;Auer Pál;1924;1955;1999;SC;Crime Fighter;High;MAuer_Pal;X
21191;Foreign Minister;Hátszegi Ottó;1944;1967;1999;SC;The Cloak N Dagger Schemer;High;LHatszegi_Otto;X
21192;Head of Military Intelligence;Hátszegi Ottó;1944;1967;1999;SC;Dismal Enigma;High;LHatszegi_Otto;X
21193;Foreign Minister;Mester Miklós;1944;1970;1999;SC;Great Compromiser;High;MMester_Miklos;X
21194;Minister of Security;Mester Miklós;1944;1970;1999;SC;Man of the People;High;MMester_Miklos;X
21195;Foreign Minister;Czupy Bálint;1948;1970;1999;SC;Great Compromiser;High;MCzupy_Balint;X
21196;Foreign Minister;Palágyi Natália;1949;1970;1999;SC;Ideological Crusader;High;MPalagyi_Natalia;X
21197;Foreign Minister;Dessewffy Gyula;1949;1970;1999;SC;Biased Intellectual;High;MDessewffy_Gyula;X
21198;Foreign Minister;Albrecht Dezso;1951;1970;1999;SC;Apologetic Clerk;High;MAlbrecht_Dezso;X
21199;Head of Military Intelligence;Albrecht Dezso;1944;1970;1999;SC;Political Specialist;High;MAlbrecht_Dezso;X
21200;Foreign Minister;Drasche-Lázár Alfréd;1920;1940;1999;PA;Apologetic Clerk;High;MDrasche-Lazar_Alfred;X
21201;Foreign Minister;Tánczos Gábor;1919;1942;1999;PA;Great Compromiser;High;MTanczos_Gabor;X
21202;Foreign Minister;Álgya-Pap Sándor;1925;1942;1999;PA;General Staffer;High;MAlgya-Pap_Sandor;X
21203;Foreign Minister;Práznovszky Iván;1930;1953;1999;PA;Biased Intellectual;High;MPraznovszky_Ivan;X
21204;Foreign Minister;Szekfu Gyula;1939;1953;1999;PA;Apologetic Clerk;High;MSzekfu_Gyula;X
21205;Foreign Minister;Nemeskéri-Kiss Sándor;1936;1954;1999;PA;Great Compromiser;High;MNemeskeri-Kiss_Sandor;X
21206;Foreign Minister;Wettstein János;1941;1957;1999;PA;Apologetic Clerk;High;MWettstein_Janos;X
21207;Foreign Minister;Bárdossy László;1941;1960;1999;PA;Iron Fisted Brute;High;M21056;X
21208;Foreign Minister;Szent-Iványi Domokos;1945;1968;1999;PA;The Cloak N Dagger Schemer;High;MSzent-Ivanyi_Domokos;X
21209;Foreign Minister;Takách-Tolvay József;1925;1941;1999;FA;General Staffer;High;LTakach-Tolvay_Jozsef;X
21210;Head of Military Intelligence;Takách-Tolvay József;1925;1941;1999;FA;Dismal Enigma;High;LTakach-Tolvay_Jozsef;X
21211;Foreign Minister;Csáky István;1935;1941;1999;FA;The Cloak N Dagger Schemer;High;M21070;X
21212;Foreign Minister;Kánya Kálmán;1933;1944;1999;FA;Great Compromiser;High;M21003;X
21213;Foreign Minister;Csekonics Iván;1922;1946;1999;FA;Biased Intellectual;High;MCsekonics_Ivan;X
21214;Foreign Minister;Walko Lajos;1925;1950;1999;FA;Apologetic Clerk;High;MWalko_Lajos;X
21215;Minister of Armament;Walko Lajos;1925;1950;1999;FA;Bank President;High;MWalko_Lajos;X
21216;Foreign Minister;Apor Gábor;1943;1959;1999;FA;Biased Intellectual;High;MApor_Gabor;X
21217;Foreign Minister;Ghyczy Jeno;1943;1963;1999;FA;Apologetic Clerk;High;M21179;X
21218;Foreign Minister;Pehm József;1946;1980;1999;FA;Ideological Crusader;High;MMindszenty_Jozsef;X
21219;Foreign Minister;Sztójay Döme;1936;1948;1999;NS;Iron Fisted Brute;High;Sztojay_Dome_hun;X
21220;Head of Military Intelligence;Sztójay Döme;1921;1948;1999;NS;Counterintelligence Specialist;High;Sztojay_Dome_hun;X
21221;Foreign Minister;Milotay István;1936;1953;1999;NS;Ideological Crusader;High;MMilotay_Istvan;X
21222;Foreign Minister;Vay László;1938;1960;1999;NS;The Cloak N Dagger Schemer;High;MBaro_Vay_Laszlo;X
21223;Minister of Armament;Friss István;1952;1970;1999;ST;Industrialiser;High;MFriss_Istvan;X
21224;Minister of Armament;Chlepkó Ede;1936;1953;1999;LE;Steel Magnate;High;MChlepko_Ede;X
21225;Minister of Armament;Hevesi Gyula;1936;1960;1999;LE;Theoretical Scientist;High;MHevesi_Gyula;X
21226;Head of Military Intelligence;Hevesi Gyula;1919;1960;1999;LE;Industrial Specialist;High;MHevesi_Gyula;X
21227;Minister of Armament;Bebrits Lajos;1939;1962;1999;LE;Construction Magnate;High;MBebrits_Lajos;X
21228;Minister of Armament;Zoltán Vas;1949;1970;1999;LE;Administrative Genius;High;M21034;X
21229;Minister of Armament;Zsofinyecz Mihály;1950;1970;1999;LE;Steel Magnate;High;MZsofinyecz_Mihaly;X
21230;Minister of Armament;Dovcsák Antal;1919;1949;1999;LWR;Industrialiser;High;MDovcsak_Antal;X
21231;Minister of Armament;Lengyel Gyula;1919;1958;1999;LWR;Planned Economy Proponent;High;MLengyel_Gyula;X
21232;Minister of Armament;Székely Béla;1919;1959;1999;LWR;Bank President;High;MSzekely_Bela;X
21233;Minister of Armament;Varga Jeno;1919;1962;1999;LWR;Administrative Genius;High;MJeno_Varga;X
21234;Head of Military Intelligence;Varga Jeno;1918;1962;1999;LWR;Industrial Specialist;High;MJeno_Varga;X
21235;Minister of Armament;Szíjártó Lajos;1948;1966;1999;LWR;Construction Magnate;High;MSzijarto_Lajos;X
21236;Minister of Armament;Háy László;1939;1970;1999;LWR;Bank President;High;MHay_Laszlo;X
21237;Minister of Armament;Alexits György;1949;1970;1999;LWR;Theoretical Scientist;High;MAlexits_Gyorgy;X
21238;Minister of Armament;Szerényi Sándor;1955;1970;1999;LWR;Mixed Economy;High;MSzerenyi_Sandor;X
21239;Minister of Armament;Propper Sándor;1920;1952;1999;SD;Planned Economy Proponent;High;MPropper_Sandor;X
21240;Minister of Armament;Takács József;1920;1954;1999;SD;Mixed Economy;High;MTakacs_Jozsef;X
21241;Minister of Armament;Millok Sándor;1936;1957;1999;SD;Construction Magnate;High;MMillok_Sandor;X
21242;Minister of Armament;Harustyák József;1944;1964;1999;SD;Industrial Chemist;High;MHarustyak_Jozsef;X
21243;Minister of Armament;Kossa István;1948;1965;1999;SD;Construction Magnate;High;MKossa_Istvan;X
21244;Minister of Armament;Novobátzky Károly;1940;1967;1999;SD;Theoretical Scientist;High;MNovobatzky_Karoly;X
21245;Minister of Armament;Kelemen Gyula;1945;1967;1999;SD;Industrialiser;High;MKelemen_Gyula;X
21246;Minister of Armament;B. Farkas Ferenc;1945;1968;1999;SD;Bank President;High;MFarkas_Ferenc_Bisztrai;X
21247;Minister of Armament;Vajda Imre;1947;1969;1999;SD;Planned Economy Proponent;High;MVajda_Imre;X
21248;Head of Military Intelligence;Vajda Imre;1945;1969;1999;SD;Industrial Specialist;High;MVajda_Imre;X
21249;Minister of Armament;Fischer József;1948;1970;1999;SD;Construction Magnate;High;MFischer_Jozsef;X
21250;Minister of Armament;Káldor Miklós;1949;1970;1999;SD;Keynesian Economy;High;MNicholas_Kaldor;X
21251;Minister of Armament;Jócsik Lajos;1949;1970;1999;SD;Mixed Economy;High;MJocsik_Lajos;X
21252;Minister of Armament;Balogh Tamás;1950;1970;1999;SD;Pioneer Of Econometrics;High;MThomas_Balogh;X
21253;Minister of Armament;Czottner Sándor;1950;1970;1999;SD;Steel Magnate;High;MCzottner_Sandor;X
21254;Minister of Armament;Ajtay Zoltán;1951;1970;1999;SD;Resource Industrialist;High;MAjtay_Zoltan;X
21255;Minister of Armament;Kádas Kálmán;1953;1970;1999;SD;Construction Magnate;High;MKalman_Kadas;X
21256;Head of Military Intelligence;Kádas Kálmán;1949;1970;1999;SD;Industrial Specialist;High;MKalman_Kadas;X
21257;Minister of Armament;Tausz János;1956;1970;1999;SD;Planned Economy Proponent;High;MTausz_Janos;X
21258;Minister of Armament;Fenyo Miksa;1930;1952;1999;SL;Laissez-Faire Capitalist;High;MFenyo_Miksa;X
21259;Minister of Security;Fenyo Miksa;1930;1952;1999;SL;Compassionate Gentleman;High;MFenyo_Miksa;X
21260;Minister of Armament;Pethe Lajos;1921;1955;1999;SL;Steel Magnate;High;MPethe_Lajos;X
21261;Minister of Armament;Vendl Aladár;1934;1962;1999;SL;Industrial Chemist;High;MVendl_Aladar;X
21262;Minister of Armament;Varga István;1945;1962;1999;SL;Administrative Genius;High;MIstvan_Varga;X
21263;Head of Military Intelligence;Varga István;1927;1962;1999;SL;Industrial Specialist;High;MIstvan_Varga;X
21264;Minister of Armament;Szilárd Leó;1945;1964;1999;SL;Theoretical Scientist;High;MSzilard_Leo;X
21265;Minister of Armament;Almásy Pál;1946;1967;1999;SL;Military Entrepreneur;High;Almasy_Pal_hun;X
21266;Minister of Armament;Csala István;1948;1969;1999;SL;Mixed Economy;High;MCsala_Istvan;X
21267;Minister of Armament;Polányi Mihály;1940;1970;1999;SL;Keynesian Economy;High;MMichael_Polanyi;X
21268;Minister of Security;Polányi Mihály;1940;1970;1999;SL;Health and Safety;High;MMichael_Polanyi;X
21269;Minister of Armament;Vendl Miklós;1945;1970;1999;SL;Resource Industrialist;High;MVendl_Miklos;X
21270;Minister of Armament;Gyulay Zoltán;1948;1970;1999;SL;Oil Baron;High;MGyulay_Zoltan;X
21271;Minister of Armament;Winkler Dezso;1950;1970;1999;SL;Motorisation Proponent;High;MWinkler_Dezso;X
21272;Minister of Armament;Gillemot László;1951;1970;1999;SL;Steel Magnate;High;MGillemot_Laszlo;X
21273;Minister of Armament;Korán Imre;1953;1970;1999;SL;Administrative Genius;High;MKoran_Imre;X
21274;Minister of Armament;Haltenberger Samu;1920;1945;1999;ML;Motorisation Proponent;High;MHaltenberger_Samu;X
21275;Minister of Armament;Nagy Béla;1936;1947;1999;ML;Infantry Proponent;High;LNagy_Bela;X
21276;Minister of Armament;Balás Jeno;1936;1948;1999;ML;Resource Industrialist;High;MJeno_Balas;X
21277;Minister of Armament;Chorin Ferenc;1928;1954;1999;ML;Industrialiser;High;MFerenc_Chorin;X
21778;Minister of Armament;Varga József;1939;1956;1999;ML;Resource Industrialist;High;MVarga_Jozsef;X
21279;Minister of Armament;Meixner Erno;1944;1957;1999;ML;Bank President;High;MMeixner_Csejkey_Erno;X
21280;Minister of Armament;Mazalán Pál;1938;1959;1999;ML;Oil Baron;High;MMazalan_Pal;X
21281;Minister of Armament;Papp Simon;1937;1962;1999;ML;Oil Baron;High;MPapp_Simon;X
21282;Minister of Armament;Surányi-Unger Tivadar;1945;1966;1999;ML;Pioneer Of Econometrics;High;MSuranyi-Unger_Tivadar;X
21283;Minister of Armament;Geleji Sándor;1949;1966;1999;ML;Steel Magnate;High;MGeleji_Sandor;X
21284;Minister of Armament;Dékány Sándor;1952;1969;1999;ML;Artillery Proponent;High;LDekany_Sandor;X
21285;Minister of Armament;Baranyai Lipót;1943;1970;1999;ML;Bank President;High;MBaranyai_Lipot;X
21286;Minister of Armament;Scheidl Miklós;1947;1970;1999;ML;Bank President;High;MScheidl_Nyaradi_Miklos;X
21287;Minister of Armament;Rácz Jeno;1949;1970;1999;ML;Mixed Economy;High;MRacz_Jeno;X
21288;Minister of Armament;Wigner Jeno;1951;1970;1999;ML;Theoretical Scientist;High;MWigner_Jeno;X
21289;Minister of Armament;Jeszenszky Ferenc;1952;1970;1999;ML;Bank President;High;MJeszenszky_Ferenc;X
21290;Minister of Armament;Bud János;1924;1945;1999;SC;Balanced Budget Economy;High;MBud_Janos;X
21291;Minister of Armament;Gyárfás Elemér;1932;1946;1999;SC;Bank President;High;MGyarfas_Elemer;X
21292;Minister of Security;Gyárfás Elemér;1932;1946;1999;SC;Compassionate Gentleman;High;MGyarfas_Elemer;X
21293;Minister of Armament;Bangha Imre;1936;1948;1999;SC;Artillery Proponent;High;Bangha_Imre_hun;X
21294;Minister of Armament;Markó Árpád;1936;1950;1999;SC;Reformer;High;MMarko_Arpad;X
21295;Minister of Armament;Cotel Erno;1923;1953;1999;SC;Steel Magnate;High;MCotel_Erno;X
21296;Minister of Armament;Heller Farkas;1918;1955;1999;SC;Mixed Economy;High;MFarkas_Heller;X
21297;Minister of Armament;Kornis Gyula;1936;1955;1999;SC;Theoretical Scientist;High;MKornis_Gyula;X
21298;Minister of Armament;Bárányos Károly;1944;1956;1999;SC;Mixed Economy;High;MBaranyos_Karoly;X
21299;Minister of Armament;Laky Dezso;1940;1957;1999;SC;Pioneer Of Econometrics;High;MLaky_Dezso;X
21300;Head of Military Intelligence;Laky Dezso;1936;1957;1999;SC;Industrial Specialist;High;MLaky_Dezso;X
21301;Minister of Armament;Náray Antal;1940;1958;1999;SC;Motorisation Proponent;High;Naray_Antal_hun;X
21302;Minister of Armament;Harmos Zoltán;1943;1958;1999;SC;Military Entrepreneur;High;Harmos_Zoltan_hun;X
21303;Minister of Armament;Lamotte Károly;1938;1963;1999;SC;Bank President;High;MLamotte_Karoly;X
21304;Minister of Armament;Zsindely Ferenc;1943;1963;1999;SC;Mixed Economy;High;MZsindely_Ferenc;X
21305;Minister of Armament;Bornemisza Géza;1935;1965;1999;SC;Construction Magnate;High;MGeza_Bornemisza;X
21306;Head of Military Intelligence;Bornemisza Géza;1935;1965;1999;SC;Industrial Specialist;High;MGeza_Bornemisza;X
21307;Minister of Armament;Korbuly János;1945;1966;1999;SC;Motorisation Proponent;High;MKorbuly_Janos;X
21308;Minister of Armament;Abay Gyula;1946;1966;1999;SC;Pioneer Of Econometrics;High;MAbay_Gyula;X
21309;Minister of Armament;Faller Jeno;1948;1966;1999;SC;Resource Industrialist;High;MFaller_Jeno;X
21310;Minister of Armament;Teller Ede;1954;1970;1999;SC;Theoretical Scientist;High;MTeller_Ede;X
21311;Minister of Armament;Gratz Gusztáv;1917;1945;1999;PA;Laissez-Faire Capitalist;High;MGratz_Gusztav;X
21312;Head of Military Intelligence;Gratz Gusztáv;1917;1945;1999;PA;Industrial Specialist;High;MGratz_Gusztav;X
21313;Minister of Armament;Scitovszky Tibor;1925;1947;1999;PA;Bank President;High;MScitovszky_Tibor;X
21314;Minister of Armament;Petrovácz Gyula;1927;1947;1999;PA;Construction Magnate;High;MPetrovacz_Gyula;X
21315;Minister of Armament;Cziegler Gusztáv;1935;1950;1999;PA;Military Entrepreneur;High;LCziegler_Gusztav;X
21316;Minister of Armament;Decleva Zoltán;1936;1950;1999;PA;Infantry Proponent;High;Decleva_Zoltan_hun;X
21317;Minister of Armament;Kállay Tibor;1921;1951;1999;PA;Balanced Budget Economy;High;MKallay_Tibor;X
21318;Minister of Armament;Lázár Andor;1932;1952;1999;PA;Industrialiser;High;MLazar_Andor;X
21319;Minister of Security;Lázár Andor;1932;1952;1999;PA;Silent Lawyer;High;MLazar_Andor;X
21320;Minister of Armament;Stirling László;1942;1954;1999;PA;Military Entrepreneur;High;Stirling_Laszlo_hun;X
21321;Minister of Armament;Homonnay Tivadar;1936;1958;1999;PA;Industrialiser;High;MHomonnay_Tivadar;X
21322;Minister of Armament;Teleki Géza;1949;1970;1999;PA;Resource Industrialist;High;MTeleki_Geza;X
21323;Minister of Armament;Barabás Emil;1936;1948;1999;FA;Infantry Proponent;High;Barabas_Emil_hun;X
21324;Minister of Armament;Németh József;1943;1953;1999;FA;Infantry Proponent;High;Nemeth_Jozsef2_hun;X
21325;Minister of Armament;Czettler Jeno;1927;1954;1999;FA;Mixed Economy;High;MCzettler_Jeno;X
21326;Minister of Armament;Farkas Ferenc;1943;1957;1999;FA;Infantry Proponent;High;Farkas_Ferenc_K_hun;X
21327;Minister of Armament;Szász Lajos;1942;1958;1999;FA;Balanced Budget Economy;High;MSzasz_Lajos;X
21328;Minister of Armament;Reményi-Schneller Lajos;1938;1962;1999;FA;Bank President;High;M21084;X
21329;Minister of Armament;Kunder Antal;1939;1968;1999;FA;Resource Industrialist;High;MKunder_Antal;X
21330;Chief of Navy;Kunder Antal;1939;1968;1999;FA;Merchant Navy Focus;High;MKunder_Antal;X
21331;Minister of Armament;Grassy József;1943;1959;1999;NS;Infantry Proponent;High;Grassy_Jozsef_hun;X
21332;Minister of Armament;Hellebronth Vilmos;1944;1960;1999;NS;Military Entrepreneur;High;Hellebronth_Vilmos_hun;X
21333;Minister of Security;Révai József;1948;1959;1999;ST;Media Magnate;High;M21107;X
21334;Minister of Security;Szamuely Tibor;1936;1960;1999;ST;Prince of Terror;High;MSzamuely_Tibor;X
21335;Minister of Security;Lukács György;1936;1965;1999;ST;Prince of Terror;High;MLukacs_Gyorgy;X
21336;Minister of Security;Lowy Hermann;1948;1965;1999;ST;Back Stabber;High;MFarkas_Mihaly;X
21337;Minister of Security;Eisenberger Benjámin;1951;1970;1999;ST;Secret Police Chief;High;MPeter_Gabor;X
21338;Minister of Security;Nezvál Ferenc;1957;1970;1999;LE;Prince of Terror;High;MNezval_Ferenc;X
21339;Minister of Security;Madzsar József;1936;1946;1999;LWR;Health and Safety;High;MMadzsar_Jozsef;X
21340;Minister of Security;Landler Erno;1936;1947;1999;LWR;Silent Lawyer;High;MLandler_Erno;X
21341;Minister of Security;Balázs Béla;1936;1949;1999;LWR;Media Magnate;High;MBalazs_Bela;X
21342;Minister of Security;Vágó Béla;1936;1951;1999;LWR;Efficient Sociopath;High;MVago_Bela1881;X
21343;Minister of Security;Steiner Gábor;1936;1957;1999;LWR;Compassionate Gentleman;High;MSteiner_Gabor;X
21344;Minister of Security;Bauer Ervin;1940;1960;1999;LWR;Health and Safety;High;MBauer_Ervin;X
21345;Minister of Security;Domokos József;1944;1960;1999;LWR;Crime Fighter;High;MDomokos_Jozsef;X
21346;Minister of Security;Sarlós Márton;1936;1963;1999;LWR;Crime Fighter;High;MSarlos_Marton;X
21347;Minister of Security;Erdei Ferenc;1943;1970;1999;LWR;Compassionate Gentleman;High;M21114;X
21348;Minister of Security;Olt Károly;1947;1970;1999;LWR;Compassionate Gentleman;High;MOlt_Karoly;X
21349;Minister of Security;Darvas József;1949;1970;1999;LWR;Media Magnate;High;MDarvas_Jozsef;X
21350;Minister of Security;Hoffmann Tibor;1949;1970;1999;LWR;Health and Safety;High;MSzonyi_Tibor;X
21351;Minister of Security;Orbán László;1956;1970;1999;LWR;Media Magnate;High;MOrban_Laszlo;X
21352;Minister of Security;Tömpe András;1959;1970;1999;LWR;Secret Police Chief;High;MTompe_Andras;X
21353;Head of Military Intelligence;Tömpe András;1947;1970;1999;LWR;Dismal Enigma;High;MTompe_Andras;X
21354;Minister of Security;Zsolt Béla;1936;1949;1999;SD;Media Magnate;High;MZsolt_Bela;X
21355;Minister of Security;Rónai Zoltán;1919;1950;1999;SD;Crime Fighter;High;MRonai_Zoltan;X
21356;Minister of Security;Ries István;1936;1955;1999;SD;Silent Lawyer;High;MRies_Istvan;X
21357;Minister of Security;Hebelt Ede;1922;1956;1999;SD;Silent Lawyer;High;MHebelt_Ede;X
21358;Minister of Security;Györki Imre;1936;1956;1999;SD;Compassionate Gentleman;High;MGyorki_Imre;X
21359;Minister of Security;Valentiny Ágoston;1936;1956;1999;SD;Man of the People;High;MValentiny_Agoston;X
21360;Minister of Security;Braun Soma;1936;1960;1999;SD;Media Magnate;High;MBraun_Soma;X
21361;Minister of Security;Grünberger Emil;1936;1961;1999;SD;Health and Safety;High;MGrunberger_Arato_Emil;X
21362;Minister of Security;Rónai Sándor;1944;1962;1999;SD;Back Stabber;High;MRonai_Sandor;X
21363;Minister of Security;Somogyi Imre;1942;1970;1999;SD;Man of the People;High;MSomogyi_Imre;X
21364;Minister of Security;Csogör Lajos;1949;1970;1999;SD;Health and Safety;High;MCsogor_Lajos;X
21365;Minister of Security;Erdodi Lajos;1950;1970;1999;SD;Man of the People;High;MErdodi_Lajos;X
21366;Minister of Security;Keresztes Mihály;1950;1970;1999;SD;Compassionate Gentleman;High;MKeresztes_Mihaly;X
21367;Minister of Security;Mikó Imre;1952;1970;1999;SD;Silent Lawyer;High;MMiko_Imre;X
21368;Minister of Security;Györe József;1952;1970;1999;SD;Efficient Sociopath;High;MGyore_Jozsef;X
21369;Minister of Security;Földes Mihály;1953;1970;1999;SD;Media Magnate;High;MFoldes_Mihaly;X
21370;Minister of Security;Juhász Nagy Sándor;1919;1946;1999;SL;Man of the People;High;MJuhasz_Nagy_Sandor;X
21371;Minister of Security;Faluhelyi Ferenc;1936;1946;1999;SL;Silent Lawyer;High;MFaluhelyi_Ferenc;X
21372;Minister of Security;Könyves-Kolonics József;1936;1954;1999;SL;Silent Lawyer;High;MKonyves-Kolonics_Jozsef;X
21373;Minister of Security;Kende Zsigmond;1936;1958;1999;SL;Health and Safety;High;MKende_Zsigmond;X
21374;Minister of Security;Hatvany Lajos;1927;1961;1999;SL;Media Magnate;High;MHatvany_Lajos;X
21375;Minister of Security;Dinnyés Lajos;1947;1961;1999;SL;Back Stabber;High;MDinnyes_Lajos;X
21376;Minister of Security;Halász Aladár;1944;1962;1999;SL;Silent Lawyer;High;MHalasz_Aladar;X
21377;Minister of Security;Rusznyák István;1945;1963;1999;SL;Health and Safety;High;MRusznyak_Istvan;X
21378;Minister of Security;Tamási Áron;1943;1966;1999;SL;Media Magnate;High;MTamasi_Aron;X
21379;Minister of Security;Barcs Sándor;1950;1970;1999;SL;Media Magnate;High;MBarcs_Sandor;X
21380;Minister of Security;Ortutay Gyula;1950;1970;1999;SL;Man of the People;High;MOrtutay_Gyula;X
21381;Minister of Security;Demeter János;1952;1970;1999;SL;Silent Lawyer;High;MDemeter_Janos;X
21382;Minister of Security;Bródy Erno;1926;1949;1999;ML;Man of the People;High;MBrody_Erno;X
21383;Minister of Security;Paál Árpád;1936;1950;1999;ML;Media Magnate;High;MPaal_Arpad;X
21384;Minister of Security;Horváth Zoltán;1936;1950;1999;ML;Silent Lawyer;High;MHorvath_Zoltan;X
21385;Minister of Security;Csekey István;1940;1954;1999;ML;Silent Lawyer;High;MCsekey_Istvan;X
21386;Minister of Security;Usetty Béla;1936;1957;1999;ML;Compassionate Gentleman;High;MUsetty_Bela;X
21387;Minister of Security;Bethlen György;1936;1958;1999;ML;Silent Lawyer;High;MBethlen_Gyorgy;X
21388;Minister of Security;Fábián Béla;1936;1964;1999;ML;Back Stabber;High;MFabian_Bela;X
21389;Minister of Security;Csorba János;1948;1967;1999;ML;Silent Lawyer;High;MCsorba_Janos;X
21390;Minister of Security;Z. Nagy Ferenc;1949;1969;1999;ML;Efficient Sociopath;High;MNagy_Ferenc_Zadori;X
21391;Minister of Security;Széll József;1937;1950;1999;SC;Efficient Sociopath;High;M21108;X
21392;Minister of Security;Moór Gyula;1937;1950;1999;SC;Silent Lawyer;High;MMoor_Gyula;X
21393;Minister of Security;Vladár Gábor;1936;1951;1999;SC;Silent Lawyer;High;MVladar_Gabor;X
21394;Minister of Security;Gróh József;1936;1953;1999;SC;Silent Lawyer;High;MGroh_Jozsef;X
21395;Minister of Security;Zsitvay Tibor;1929;1954;1999;SC;Crime Fighter;High;MZsitvay_Tibor;X
21396;Minister of Security;Szilassy Béla;1929;1955;1999;SC;Man of the People;High;MSzilassy_Bela;X
21397;Minister of Security;Vásáry István;1936;1955;1999;SC;Compassionate Gentleman;High;MVasary_Istvan;X
21398;Minister of Security;Slachta Margit;1936;1959;1999;SC;Man of the People;High;MSlachta_Margit;X
21399;Minister of Security;Eross János;1936;1959;1999;SC;Compassionate Gentleman;High;MEross_Janos;X
21400;Minister of Security;Olchváry-Milvius Attila;1944;1959;1999;SC;Crime Fighter;High;Olchvary-Milviusz_Attila_hun;X
21401;Minister of Security;Kovrig Béla;1945;1962;1999;SC;Compassionate Gentleman;High;MKovrig_Bela;X
21402;Minister of Security;B. Szabó István;1944;1963;1999;SC;Man of the People;High;MIstvan_B_Szabo;X
21403;Head of Military Intelligence;B. Szabó István;1941;1963;1999;SC;Political Specialist;High;MIstvan_B_Szabo;X
21404;Minister of Security;Weis István;1940;1964;1999;SC;Man of the People;High;MWeis_Istvan;X
21405;Minister of Security;Cseh-Szombathy László;1944;1964;1999;SC;Health and Safety;High;MCseh-Szombathy_Laszlo;X
21406;Minister of Security;Antall József;1944;1966;1999;SC;Compassionate Gentleman;High;MAntall_Jozsef;X
21407;Minister of Security;Pfeiffer Zoltán;1950;1970;1999;SC;Silent Lawyer;High;MPfeiffer_Zoltan;X
21408;Head of Military Intelligence;Pfeiffer Zoltán;1947;1970;1999;SC;Political Specialist;High;MPfeiffer_Zoltan;X
21409;Minister of Security;Sztranyavszky Sándor;1927;1940;1999;PA;Man of the People;High;MSztranyavszky_Sandor;X
21410;Minister of Security;Pesthy Pál;1924;1943;1999;PA;Crime Fighter;High;MPesthy_Pal;X
21411;Minister of Security;Bedo Sándor;1931;1944;1999;PA;Silent Lawyer;High;MBedo_Sandor;X
21412;Minister of Security;Keresztes-Fischer Ferenc;1931;1946;1999;PA;Efficient Sociopath;High;M21100;X
21413;Minister of Security;Karafiáth Jeno;1931;1948;1999;PA;Health and Safety;High;MKarafiath_Jeno;X
21414;Minister of Security;Benárd Ágost;1936;1950;1999;PA;Health and Safety;High;MBenard_Agost;X
21415;Minister of Security;Esterházy Móric;1917;1951;1999;PA;Compassionate Gentleman;High;esterhazy_moric;X
21416;Minister of Security;Radocsay László;1939;1953;1999;PA;Silent Lawyer;High;MRadocsay_Laszlo;X
21417;Minister of Security;Rakovszky Iván;1922;1955;1999;PA;Crime Fighter;High;MRakovszky_Ivan;X
21418;Minister of Security;Faragho Gábor;1943;1955;1999;PA;Back Stabber;High;Faragho_Gabor_hun;X
21419;Minister of Security;Mikecz Ödön;1938;1965;1999;PA;Silent Lawyer;High;MMikecz_Odon;X
21420;Minister of Security;Somogyváry Gyula;1939;1965;1999;PA;Media Magnate;High;MSomogyvary_Gyula;X
21421;Minister of Security;Esterházy János;1938;1970;1999;PA;Back Stabber;High;janos_esterhazy;X
21422;Minister of Security;Kozma Miklós;1934;1941;1999;FA;Prince of Terror;High;M21005;X
21423;Minister of Security;Tarányi Ferenc;1922;1945;1999;FA;Man of the People;High;MTaranyi_Ferenc;X
21424;Minister of Security;Haller István;1920;1950;1999;FA;Crooked Kleptocrat;High;MHaller_Istvan;X
21425;Minister of Security;Tasnádi Nagy András;1936;1952;1999;FA;Prince of Terror;High;MTasnadi_Nagy_Andras;X
21426;Minister of Security;Csilléry András;1919;1953;1999;FA;Health and Safety;High;MCsillery_Andras;X
21427;Minister of Security;Nemerey Márton;1939;1953;1999;FA;Efficient Sociopath;High;Nemerey_Marton_hun;X
21428;Minister of Security;Finta József;1944;1954;1999;FA;Crime Fighter;High;Finta_Jozsef_hun;X
21429;Minister of Security;Hóman Bálint;1932;1955;1999;FA;Efficient Sociopath;High;MHoman_Balint;X
21430;Minister of Security;Pálffy Fidél;1939;1965;1999;FA;Back Stabber;High;MPalffy_Fidel;X
21431;Minister of Security;Bonczos Miklós;1944;1967;1999;FA;Compassionate Gentleman;High;M21109;X
21432;Minister of Security;Matolcsy Mátyás;1940;1970;1999;FA;Efficient Sociopath;High;MMatolcsy_Matyas;X
21433;Minister of Security;Hódosy Pál;1945;1960;1999;NS;Prince of Terror;High;Hodosy_Pal_hun;X
21434;Minister of Security;Kolosváry-Borcsa Mihály;1944;1961;1999;NS;Media Magnate;High;MKolosvary-Borcsa_Mihaly;X
21435;Minister of Security;Jurcsek Béla;1944;1963;1999;NS;Efficient Sociopath;High;MJurcsek_Bela;X
21436;Minister of Security;Hain Péter;1944;1964;1999;NS;Secret Police Chief;High;MHain_Peter;X
21437;Minister of Security;Antal István;1944;1966;1999;NS;Prince of Terror;High;MAntal_Istvan;X
21438;Head of Military Intelligence;Ottó Steinbrück;1936;1957;1999;LWR;Counterintelligence Specialist;High;MOtto_Steinbrick;X
21439;Head of Military Intelligence;Fried Jeno;1938;1970;1999;LWR;Dismal Enigma;High;MEugen_Fried;X
21440;Head of Military Intelligence;Radó Sándor;1948;1970;1999;LWR;Technical Specialist;High;MRado_Sandor;X
21441;Head of Military Intelligence;Kiss Károly;1951;1970;1999;LWR;Political Specialist;High;MKiss_Karoly;X
21442;Head of Military Intelligence;Urbán Lajos;1936;1951;1999;SD;Political Specialist;High;MUrban_Lajos;X
21443;Head of Military Intelligence;Büchler József;1922;1956;1999;SD;Dismal Enigma;High;MBuchler_Jozsef;X
21444;Head of Military Intelligence;Illyés Gyula;1945;1970;1999;SD;Political Specialist;High;MIllyes_Gyula;X
21445;Head of Military Intelligence;Balla Antal;1936;1953;1999;ML;Industrial Specialist;High;MBalla_Antal;X
21446;Head of Military Intelligence;Kuthy László;1944;1961;1999;ML;Counterintelligence Specialist;High;Kuthy_Laszlo_hun;X
21447;Head of Military Intelligence;Jáky József;1944;1962;1999;ML;Technical Specialist;High;MJaky_Jozsef;X
21448;Head of Military Intelligence;Pokorny Hermann;1920;1947;1999;SC;Technical Specialist;High;Pokorny_Hermann_hun;X
21449;Head of Military Intelligence;Bakay Szilárd;1940;1957;1999;SC;Logistics Specialist;High;Bakay_Szilard_hun;X
21450;Head of Military Intelligence;Vasváry József;1942;1963;1999;SC;Logistics Specialist;High;Vasvary_Jozsef_hun;X
21451;Head of Military Intelligence;Arany Bálint;1948;1970;1999;SC;Industrial Specialist;High;MArany_Balint;X
21452;Head of Military Intelligence;Kenéz Béla;1931;1944;1999;PA;Industrial Specialist;High;MKenez_Bela;X
21453;Head of Military Intelligence;Hennyey Gusztáv;1933;1953;1999;PA;Logistics Specialist;High;Hennyey_Gusztav_hun;X
21454;Head of Military Intelligence;Vasady Erno;1943;1954;1999;PA;Technical Specialist;High;Vasady_Erno_hun;X
21455;Head of Military Intelligence;Merse Jeno;1936;1957;1999;PA;Political Specialist;High;MMerse_Jeno;X
21456;Head of Military Intelligence;Ujszászy István;1939;1959;1999;PA;Logistics Specialist;High;Ujszaszy_Istvan_hun;X
21457;Head of Military Intelligence;Kádár Gyula;1943;1963;1999;PA;Counterintelligence Specialist;High;LKadar_Gyula;X
21458;Head of Military Intelligence;Pallavicini György;1918;1946;1999;FA;Political Specialist;High;MPallavicini_Gyorgy;X
21459;Head of Military Intelligence;Balás Károly;1939;1947;1999;FA;Industrial Specialist;High;MBalas_Karoly;X
21460;Head of Military Intelligence;Kray István;1926;1957;1999;FA;Political Specialist;High;MKray_Istvan;X
21461;Head of Military Intelligence;Homlok Sándor;1942;1957;1999;FA;Dismal Enigma;High;Homlok_Sandor_hun;X
21462;Head of Military Intelligence;Zákó András;1944;1963;1999;FA;Logistics Specialist;High;Zako_Andras_hun;X
21463;Head of Military Intelligence;Donáth György;1943;1970;1999;NS;Dismal Enigma;High;MDonath_Gyorgy;X
21464;Chief of Staff;Stromfeld Aurél;1936;1943;1999;LWR;School of Psychology;High;LStromfeld_Aurel;X
21465;Chief of Army;Stromfeld Aurél;1933;1943;1999;LWR;Doctrine of Autonomy;High;LStromfeld_Aurel;X
21466;Chief of Staff;Szalvay Mihály;1948;1964;1999;LWR;Commando Doctrine Staff;High;Szalvay_Mihaly_hun;X
21467;Chief of Army;Szalvay Mihály;1954;1964;1999;LWR;Commando Doctrine Army;High;Szalvay_Mihaly_hun;X
21468;Chief of Staff;Silley Antal;1939;1952;1999;SD;School of Defence;High;Silley_Antal_hun;X
21469;Chief of Army;Silley Antal;1942;1952;1999;SD;Elastic Defence Doctrine;High;Silley_Antal_hun;X
21470;Head of Military Intelligence;Silley Antal;1936;1952;1999;SD;Logistics Specialist;High;Silley_Antal_hun;X
21471;Chief of Staff;Sólyom László;1952;1970;1999;SD;School of Fire Support;High;LSolyom_Laszlo;X
21472;Chief of Army;Sólyom László;1956;1970;1999;SD;Guns and Butter Doctrine;High;LSolyom_Laszlo;X
21473;Chief of Staff;Linder Béla;1930;1941;1999;SL;School of Fire Support;High;LLinder_Bela;X
21474;Chief of Staff;Tombor Jeno;1936;1945;1999;SL;School of Mass Combat;High;LTombor_Jeno;X
21475;Chief of Army;Tombor Jeno;1938;1945;1999;SL;Guns and Butter Doctrine;High;LTombor_Jeno;X
21476;Chief of Staff;Szombathelyi Ferenc;1939;1952;1999;SL;School of Psychology;High;Szombathelyi_Ferenc_hun;X
21477;Chief of Army;Szombathelyi Ferenc;1941;1952;1999;SL;Doctrine of Autonomy;High;Szombathelyi_Ferenc_hun;X
21478;Chief of Staff;Molnár Pál;1945;1957;1999;SL;School of Defence;High;LMolnar_Pal;X
21479;Chief of Staff;Beleznay István;1952;1970;1999;SL;School of Manoeuvre;High;LBeleznay_Istvan;X
21480;Chief of Staff;Illy Gusztáv;1955;1970;1999;SL;School of Mass Combat;High;LIlly_Gusztav;X
21481;Chief of Staff;Nagy Vilmos;1937;1949;1999;ML;School of Manoeuvre;High;Nagy_Vilmos_hun;X
21482;Chief of Army;Nagy Vilmos;1940;1949;1999;ML;Decisive Battle Doctrine;High;Nagy_Vilmos_hun;X
21483;Chief of Staff;Hárosy Teofil;1942;1958;1999;ML;School of Defence;High;LHarosy_Teofil;X
21484;Chief of Staff;Schmoll Endre;1944;1959;1999;ML;School of Manoeuvre;High;LSchmoll_Endre;X
21485;Chief of Army;Schmoll Endre;1944;1959;1999;ML;Combat Engineering Doctrine;High;LSchmoll_Endre;X
21486;Minister of Armament;Schmoll Endre;1942;1959;1999;ML;Reformer;High;LSchmoll_Endre;X
21487;Chief of Staff;Kozma István;1945;1961;1999;ML;School of Mass Combat;High;Kozma_Istvan_F_hun;X
21488;Chief of Staff;Zelenka Zoltán;1936;1942;1999;SC;School of Defence;High;Zelenka_Zoltan_hun;X
21489;Chief of Army;Zelenka Zoltán;1936;1942;1999;SC;Combat Engineering Doctrine;High;Zelenka_Zoltan_hun;X
21490;Chief of Staff;Röder Vilmos;1930;1946;1999;SC;School of Psychology;High;L31164;X
21491;Chief of Staff;Béldy Alajos;1941;1954;1999;SC;School of Psychology;High;Beldy_Alajos_hun;X
21492;Chief of Army;Béldy Alajos;1944;1954;1999;SC;Doctrine of Autonomy;High;Beldy_Alajos_hun;X
21493;Chief of Staff;Ruszkiczay-Rüdiger Imre;1942;1954;1999;SC;School of Fire Support;High;Ruszkiczay-Rudiger_Imre_hun;X
21494;Chief of Staff;Lengyel Béla;1944;1962;1999;SC;School of Manoeuvre;High;LLengyel_Bela;X
21495;Chief of Staff;Kéri Kálmán;1949;1966;1999;SC;School of Fire Support;High;Keri_Kalman_hun;X
21496;Chief of Army;Kéri Kálmán;1954;1966;1999;SC;Decisive Battle Doctrine;High;Keri_Kalman_hun;X
21497;Chief of Staff;Zsigmondy László;1954;1966;1999;SC;School of Psychology;High;LZsigmondy_Laszlo;X
21498;Chief of Staff;Denk Gusztáv;1936;1947;1999;PA;School of Manoeuvre;High;Denk_Gusztav_hun;X
21499;Chief of Staff;Littay András;1938;1949;1999;PA;School of Mass Combat;High;Littay_Andras_hun;X
21500;Chief of Staff;Csatay Lajos;1940;1951;1999;PA;School of Fire Support;High;Csatay_Lajos_hun;X
21501;Chief of Army;Csatay Lajos;1943;1951;1999;PA;Decisive Battle Doctrine;High;Csatay_Lajos_hun;X
21502;Chief of Staff;Ternegg Kálmán;1942;1952;1999;PA;School of Fire Support;High;Ternegg_Kalman_hun;X
21503;Chief of Army;Ternegg Kálmán;1942;1952;1999;PA;Innovative Artillery Officer;High;Ternegg_Kalman_hun;X
21504;Minister of Armament;Ternegg Kálmán;1939;1952;1999;PA;Artillery Proponent;High;Ternegg_Kalman_hun;X
21505;Chief of Staff;Vörös János;1942;1956;1999;PA;School of Manoeuvre;High;Voros_Janos_hun;X
21506;Chief of Army;Vörös János;1944;1956;1999;PA;Decisive Battle Doctrine;High;Voros_Janos_hun;X
21507;Chief of Staff;Bertalan Árpád;1945;1963;1999;PA;Commando Doctrine Staff;High;649;X
21596;Chief of Air Force;Bertalan Árpád;1941;1963;1999;PA;Vertical Envelopment Doctrine;High;649;X
21508;Chief of Staff;Kárpáthy Kamilló;1930;1941;1999;FA;School of Defence;High;LKarpathy_Kamillo;X
21509;Chief of Army;Kárpáthy Kamilló;1930;1941;1999;FA;Elastic Defence Doctrine;High;LKarpathy_Kamillo;X
21510;Chief of Staff;Werth Henrik;1936;1946;1999;FA;School of Psychology;High;Werth_Henrik_hun;X
21511;Chief of Staff;Somkuthy József;1936;1948;1999;FA;School of Fire Support;High;LSomkuthy_Jozsef;X
21512;Chief of Staff;Gorondy-Novák Elemér;1938;1950;1999;FA;School of Manoeuvre;High;Gorondy-Novak_Elemer_hun;X
21513;Chief of Army;Gorondy-Novák Elemér;1941;1950;1999;FA;Old Cavalry General;High;Gorondy-Novak_Elemer_hun;X
21514;Chief of Staff;Ruszkay Jeno;1940;1952;1999;FA;School of Fire Support;High;Ruszkay_Jeno_hun;X
21515;Chief of Air Force;Ruszkay Jeno;1936;1952;1999;FA;Air Defence Doctrine;High;Ruszkay_Jeno_hun;X
21516;Head of Military Intelligence;Ruszkay Jeno;1928;1952;1999;FA;Logistics Specialist;High;Ruszkay_Jeno_hun;X
21517;Chief of Staff;Vattay Antal;1943;1956;1999;FA;School of Manoeuvre;High;Vattay_Antal_hun;X
21518;Chief of Army;Vattay Antal;1943;1956;1999;FA;Old Cavalry General;High;Vattay_Antal_hun;X
21519;Chief of Staff;László Dezso;1944;1958;1999;FA;School of Psychology;High;Laszlo_Dezso_hun;X
21520;Chief of Army;László Dezso;1945;1958;1999;FA;Doctrine of Autonomy;High;Laszlo_Dezso_hun;X
21521;Chief of Staff;Bardóczy Ferenc;1945;1960;1999;FA;School of Mass Combat;High;Bardoczy_Ferenc_hun;X
21522;Chief of Staff;Osztovics Ferenc;1950;1964;1999;FA;School of Manoeuvre;High;Osztovics_Ferenc_hun;X
21523;Chief of Army;Osztovics Ferenc;1952;1964;1999;FA;Armoured Spearhead Doctrine;High;Osztovics_Ferenc_hun;X
21524;Minister of Armament;Osztovics Ferenc;1944;1964;1999;FA;Tank Proponent;High;Osztovics_Ferenc_hun;X
21525;Chief of Staff;Rátz Jeno;1936;1947;1999;NS;School of Mass Combat;High;Ratz_Jeno_hun;X
21526;Chief of Staff;Feketehalmy-Czeydner Ferenc;1943;1955;1999;NS;School of Fire Support;High;Feketehalmy-Czeydner_Ferenc_hun;X
21527;Chief of Army;Gavró Lajos;1945;1959;1999;LWR;Elastic Defence Doctrine;High;LGavro_Lajos;X
21528;Head of Military Intelligence;Gavró Lajos;1936;1959;1999;LWR;Logistics Specialist;High;LGavro_Lajos;X
21529;Chief of Army;Zalka Máté;1949;1961;1999;LWR;Doctrine of Autonomy;High;LBela_Frankl;X
21530;Chief of Army;Révész Géza;1951;1967;1999;LWR;Decisive Battle Doctrine;High;Revesz_Geza_hun;X
21531;Foreign Minister;Révész Géza;1947;1967;1999;LWR;General Staffer;High;Revesz_Geza_hun;X
21532;Minister of Armament;Révész Géza;1951;1967;1999;LWR;Reformer;High;Revesz_Geza_hun;X
21533;Chief of Army;Uszta Gyula;1952;1970;1999;LWR;Armoured Spearhead Doctrine;High;LUszta_Gyula;X
21534;Chief of Army;Pálffy György;1955;1970;1999;SD;Innovative Artillery Officer;High;Palffy_Gyorgy_hun;X
21535;Head of Military Intelligence;Pálffy György;1947;1970;1999;SD;Logistics Specialist;High;Palffy_Gyorgy_hun;X
21536;Chief of Army;Révay Kálmán;1954;1970;1999;SD;Armoured Spearhead Doctrine;High;Revay_Kalman_hun;X
21537;Chief of Army;Bajnóczy József;1942;1953;1999;ML;Guns and Butter Doctrine;High;Bajnoczy_Jozsef_hun;X
21538;Foreign Minister;Bajnóczy József;1933;1953;1999;ML;General Staffer;High;Bajnoczy_Jozsef_hun;X
21539;Head of Military Intelligence;Bajnóczy József;1933;1953;1999;ML;Logistics Specialist;High;Bajnoczy_Jozsef_hun;X
21540;Chief of Army;Gyorffy-Bengyel Sándor;1936;1942;1999;SC;Guns and Butter Doctrine;High;Gyorffy-Bengyel_Sandor_hun;X
21541;Chief of Army;Kiss János;1942;1953;1999;SC;Elastic Defence Doctrine;High;Kiss_Janos_hun;X
21542;Chief of Army;Veress Lajos;1944;1954;1999;SC;Armoured Spearhead Doctrine;High;Veress_Lajos_hun;X
21543;Chief of Army;Billnitzer Erno;1945;1954;1999;SC;Decisive Battle Doctrine;High;Billinitzer_Erno_hun;X
21544;Chief of Army;Denk Árpád;1944;1961;1999;SC;Guns and Butter Doctrine;High;LDenk-Doroszlay_Arpad;X
21545;Minister of Armament;Denk Árpád;1939;1961;1999;SC;Tank Proponent;High;LDenk-Doroszlay_Arpad;X
21546;Chief of Army;Rapaich Richárd;1936;1947;1999;PA;Old Cavalry General;High;Rapaich_Richard_hun;X
21547;Chief of Army;Miklós Béla;1943;1949;1999;PA;Doctrine of Autonomy;High;Miklos_Bela_hun;X
21548;Chief of Army;Major Jeno;1942;1956;1999;PA;Armoured Spearhead Doctrine;High;Major_Jeno_hun;X
21549;Chief of Army;Ibrányi Mihály;1944;1960;1999;PA;Old Cavalry General;High;Ibranyi_Mihaly_hun;X
21550;Head of Military Intelligence;Ibrányi Mihály;1934;1960;1999;PA;Counterintelligence Specialist;High;Ibranyi_Mihaly_hun;X
21551;Chief of Army;Hollósy-Kuthy László;1944;1961;1999;PA;Combat Engineering Doctrine;High;Hollosy-Kuthy_Laszlo_G_hun;X
21552;Chief of Army;Szügyi Zoltán;1945;1961;1999;PA;Commando Doctrine Army;High;Szugyi_Zoltan_hun;X
21553;Chief of Army;Csáky Károly;1927;1938;1999;FA;Old Cavalry General;High;LCsaky_Karoly;X
21554;Chief of Army;Lehár Antal;1927;1941;1999;FA;Doctrine of Autonomy;High;lehar_antal;X
21555;Chief of Army;Sónyi Hugó;1936;1948;1999;FA;Decisive Battle Doctrine;High;Sonyi_Hugo_hun;X
21556;Chief of Army;Heszlényi József;1944;1955;1999;FA;Elastic Defence Doctrine;High;Heszlenyi_Jozsef_hun;X
21557;Chief of Army;Bisza Ferenc;1945;1955;1999;FA;Armoured Spearhead Doctrine;High;Bisza_Ferenc_hun;X
21558;Chief of Army;Nagyoszy Miklós;1944;1961;1999;FA;Guns and Butter Doctrine;High;Nagyoszy_Miklos_hun;X
21559;Chief of Army;Barankay József;1955;1970;1999;FA;Decisive Battle Doctrine;High;LBarankay_Jozsef;X
21560;Chief of Army;Beregfy Károly;1942;1953;1999;NS;Elastic Defence Doctrine;High;Beregffy_Karoly_hun;X
21561;Chief of Staff;Beregfy Károly;1942;1953;1999;NS;School of Defence;High;Beregffy_Karoly_hun;X
21562;Chief of Navy;Janza Károly;1951;1970;1999;LE;Merchant Navy Focus;High;Janza_Karoly_hun;X
21563;Chief of Navy;Fried Dezso;1936;1960;1999;LWR;Riverine Warfare Doctrine;High;LFried_Dezso;X
21564;Chief of Navy;Bornemisza Félix;1944;1960;1999;SL;Merchant Navy Focus;High;LBornemisza_Felix;X
21565;Chief of Air Force;Bornemisza Félix;1944;1960;1999;SL;Naval Aviation Doctrine;High;LBornemisza_Felix;X
21566;Chief of Navy;Roediger-Schluga Miklós;1942;1959;1999;ML;Coastal Defence Doctrine;High;LRoediger-Schluga_Miklos;X
21567;Chief of Navy;Hild Ferenc;1930;1940;1999;SC;Decisive Naval Battle Doctrine;High;LHild_Ferenc;X
21568;Chief of Navy;Fabinyi Tihamér;1932;1953;1999;SC;Merchant Navy Focus;High;M21004;X
21569;Minister of Armament;Fabinyi Tihamér;1935;1953;1999;SC;Balanced Budget Economy;High;M21004;X
21570;Chief of Navy;Nagy Erno;1945;1963;1999;SC;Base Control Doctrine;High;LNagy_Erno;X
21571;Chief of Navy;Winchkler István;1935;1940;1999;PA;Merchant Navy Focus;High;M21088;X
21572;Chief of Navy;Bausznern Ármin;1933;1946;1999;PA;Coastal Defence Doctrine;High;LBausznern_Armin;X
21573;Chief of Navy;Hardy Kálmán;1942;1957;1999;PA;Riverine Warfare Doctrine;High;Hardy_Kalman_hun;X
21574;Head of Military Intelligence;Hardy Kálmán;1940;1957;1999;PA;Naval Intelligence Specialist;High;Hardy_Kalman_hun;X
21575;Chief of Navy;Wulff Olaf Richárd;1920;1942;1999;FA;Riverine Warfare Doctrine;High;6661;X
21576;Chief of Navy;Trunkwalter Ödön;1944;1957;1999;FA;Riverine Warfare Doctrine;High;unknown;X
21577;Chief of Air Force;Fehérvári Miklós;1941;1968;1999;LWR;Air Superiority Doctrine;High;LFehervari_Miklos;X
21578;Chief of Air Force;Sárközi Sándor;1955;1970;1999;LWR;Air Defence Doctrine;High;LSarkozi_Sandor;X
21579;Chief of Air Force;Fábry Dániel;1938;1954;1999;ML;Air Defence Doctrine;High;Fabry_Daniel_hun;X
21580;Chief of Air Force;Háry László;1938;1955;1999;ML;Aviation Organizer;High;Hary_Laszlo_hun;X
21581;Chief of Air Force;Hefty Frigyes;1940;1959;1999;ML;Air Superiority Doctrine;High;7554;X
21582;Chief of Air Force;Bánfalvy István;1943;1962;1999;ML;Army Aviation Doctrine;High;Banfalvy_Istvan_hun;X
21583;Chief of Air Force;Haris Béla;1950;1966;1999;ML;Air Defence Doctrine;High;LHaris_Bela;X
21584;Chief of Air Force;Heppes Aladár;1949;1969;1999;ML;Tactical Aviation Doctrine;High;Heppes_Aladar_hun;X
21585;Chief of Air Force;Mikuleczky Ferenc;1936;1949;1999;SC;Naval Aviation Doctrine;High;LMikuleczky_Ferenc;X
21586;Minister of Armament;Mikuleczky Ferenc;1936;1949;1999;SC;Air to Sea Proponent;High;LMikuleczky_Ferenc;X
21587;Chief of Air Force;Csukás Kálmán;1946;1966;1999;SC;Air Superiority Doctrine;High;LCsukas_Kalman;X
21588;Chief of Air Force;Szentnémedy Ferenc;1944;1961;1999;PA;Carpet Bombing Doctrine;High;LSzentnemedy_Ferenc;X
21589;Chief of Air Force;Poppe Kornél;1931;1941;1999;PA;Vertical Envelopment Doctrine;High;MPoppe_Kornel;X
21590;Chief of Air Force;Fráter Tibor;1941;1954;1999;PA;Army Aviation Doctrine;High;Frater_Tibor_hun;X
21591;Chief of Air Force;András Sándor;1945;1964;1999;PA;Army Aviation Doctrine;High;Andras_Sandor_hun;X
21592;Chief of Air Force;Petróczy István;1920;1939;1999;FA;Aviation Organizer;High;MPetroczy_Istvan;X
21593;Chief of Air Force;Szentkeresztessy Henrik;1936;1951;1999;FA;Army Aviation Doctrine;High;LSzentkeresztessy_Reisner_Henrik;X
21594;Chief of Air Force;Justy Emil;1940;1955;1999;FA;Air Defence Doctrine;High;Juszty_Emil_hun;X
21595;Chief of Air Force;Kaszala Károly;1938;1959;1999;FA;Air Superiority Doctrine;High;6547;X
21700;Chief of Navy;Bogdan Pecotic;1950;1970;1999;LWR;Decisive Naval Battle Doctrine;High;CRO-KR_Bogdan_Pecotic;X
21701;Chief of Navy;Bozo Banac;1936;1945;1999;ML;Merchant Navy Focus;High;MBozo_Banac;X
21702;Chief of Navy;Miroslav Stumberger;1937;1958;1999;ML;Indirect Approach Doctrine;High;LMiroslav_Stumberger;X
21703;Chief of Navy;Petar Mardesic;1947;1970;1999;ML;Hydrographic Service Proponent;High;LPetar_Mardesic;X
21704;Chief of Navy;Vladimir Mariasevic;1936;1951;1999;SC;Coastal Defence Doctrine;High;LVladimir_Pavao_Mariasevic;X
21705;Head of Military Intelligence;Vladimir Mariasevic;1927;1951;1999;SC;Naval Intelligence Specialist;High;LVladimir_Pavao_Mariasevic;X
21706;Chief of Navy;Emil Domainko;1936;1954;1999;SC;Riverine Warfare Doctrine;High;LEmil_Dure_Domainko;X
21707;Chief of Navy;Vladimir Saskijevic;1943;1963;1999;SC;Open Seas Doctrine;High;L46048;X
21708;Chief of Navy;Tomo Tijanic;1936;1952;1999;PA;Decisive Naval Battle Doctrine;High;L46051;X
21709;Chief of Navy;Armin Pavic;1936;1953;1999;PA;Hydrographic Service Proponent;High;LArmin_Armina_Pavic;X
21710;Chief of Navy;Edgar Angeli;1941;1957;1999;PA;Riverine Warfare Doctrine;High;L46042;X
21711;Chief of Navy;Andro Vrkljan;1947;1968;1999;PA;Indirect Approach Doctrine;High;LAndro_Vrkljan;X
21712;Head of Military Intelligence;Andro Vrkljan;1941;1968;1999;PA;Naval Intelligence Specialist;High;LAndro_Vrkljan;X
21713;Chief of Air Force;Viktor Bubanj;1950;1970;1999;LE;Army Aviation Doctrine;High;CRO-KR_Viktor_Bubanj;X
21714;Head of Military Intelligence;Viktor Bubanj;1946;1970;1999;LE;Logistics Specialist;High;CRO-KR_Viktor_Bubanj;X
21715;Chief of Air Force;Zlatko Rendulic;1954;1970;1999;ML;Tactical Aviation Doctrine;High;LZlatko_Rendulic;X
21716;Minister of Armament;Zlatko Rendulic;1954;1970;1999;ML;Air to Ground Proponent;High;LZlatko_Rendulic;X
21717;Chief of Air Force;Adalbert Rogulja;1941;1963;1999;PA;Aviation Organizer;High;L44629;X
21718;Chief of Air Force;Franjo Dzal;1945;1970;1999;FA;Air Superiority Doctrine;High;BOS-KR_Franjo_Dzal;X
