RUS;Ruling Cabinet - Start;Name;Start Year;End Year;Retirement Year;Ideology;Personality;Loyalty;Picturename;X
;Replacements;;;;;;;;;X
4080;Head of State;E.I.V. Kyril I Romanov;1936;1964;1999;FA;Restored Autocrat;High;kaiserreich kyrilromanov;X
4081;Head of State;Sergey Romanovskiy;1936;1970;1999;FA;Ruthless Powermonger;High;MRUS Romanovski;X
4082;Foreign Minister;Pyotr Struve;1936;1945;1999;SL;Ideological Crusader;High;Pyotr_Struve;X
4083;Minister of Armament;Nikolai Maklakov;1936;1941;1999;FA;Military Entrepreneur;High;M4083;X
4084;Minister of Security;Vladimir Malyshkin;1960;1964;1999;FA;Back Stabber;Very High;M4084;X
4085;Head of Military Intelligence;Mikhail Meandrov;1936;1964;1999;FA;Dismal Enigma;Very High;M4085;X
4086;Chief of Staff;Anton Denikin;1936;1964;1999;PA;School of Mass Combat;High;Mrus Denikin;X
4087;Chief of Army;Evgeniy Ivanov;1945;1970;1999;FA;Armoured Spearhead Doctrine;Very High;LIvanovEV;X
4088;Chief of Navy;Georgiy Chaplin;1936;1951;1999;NS;Decisive Naval Battle Doctrine;High;LGeorgy_Chaplin;X
4089;Head of State;Vladimir Kharzhevskiy;1950;1970;1999;PA;Reformist Soldierhos;High;L500024;X
4090;Head of State;Pavel Shatilov;1945;1964;1999;NS;Stern Imperialist;High;Shatilov;X
4091;Head of State;E.I.V. Vladimir III Romanov;1938;1964;1999;PA;New Generation Autocrat;High;kaiserreich vladimirromanov;X
4092;Head of State;Aleksandr Kerensky;1936;1964;1999;SL;Unpopular President;High;kaiserreich_RUS_kerensky;X
4093;Head of Government;Viktor Pokrovskiy;1936;1964;1999;NS;Backroom Backstabber;High;L500069;X
4094;Head of Government;Patriarch Kiril;1936;1964;1999;PA;Spiritual Leader;Very High;KR_PatrKirr;X
4095;Head of Government;Iraklij Tsereteliy;1936;1964;1999;SD;Naive Optimist;High;M4095;X
4096;Foreign Minister;Boris Stürmer;1936;1964;1999;FA;Iron Fisted Brute;Medium;M4096;X
4097;Foreign Minister;Georgiy Chicherin;1936;1937;1999;LE;Biased Intellectual;High;M4097;X
4098;Foreign Minister;Alexei Ignatiev;1936;1958;1999;FA;The Cloak N Dagger Schemer;Medium;Kaiserreich Alexei Ignatiev;X
4099;Foreign Minister;Viktor Chernov;1936;1953;1999;SD;Apologetic Clerk;High;Mrus chernov;X
4100;Foreign Minister;Mikhail Taube;1936;1964;1999;PA;Ideological Crusader;Very High;MRUS Taube;X
4101;Minister of Armament;Karl Hagelin;1936;1955;1999;ML;Oil Baron;Very High;MKarl_Wilhelm_Hagelin;X
4102;Foreign Minister;Aleksandr Konovalov;1936;1964;1999;ML;Apologetic Clerk;Medium;M4102;X
4103;Minister of Armament;Aleksandr Golitsyn;1936;1960;1999;PA;Administrative Genius;High;MAleksandr_Dmitrievich_Golitsyn;X
4104;Minister of Armament;Nikolai Krasnov;1936;1940;1999;NS;Construction Magnate;High;M4104;X
4105;Minister of Armament;Nikanor Savic;1936;1942;1999;FA;Industrialiser;Very High;RUS_Nikanor;X
4106;Minister of Armament;Alexei Ignatiev;1936;1958;1999;FA;Military Entrepreneur;High;Kaiserreich Alexei Ignatiev;X
4107;Minister of Armament;Vladimir Kappel;1936;1964;1999;PA;Military Entrepreneur;High;L500106;X
4318;Chief of Army;Nikolai Dukhonin;1936;1948;1999;SL;Decisive Battle Doctrine;Very High;Dukhonin;X
4319;Chief of Staff;Nikolai Dukhonin;1936;1948;1999;SL;School of Mass Combat;Very High;Dukhonin;X
4320;Head of Military Intelligence;Nikolay Nesterov;1925;1950;1999;ML;Logistics Specialist;High;LNikolay_Nikolaevich_Nesterov;X
4321;Foreign Minister;Alexei Nikitin;1936;1951;1999;ML;Great Compromiser;High;Kaiserreich Nikitin;X
4322;Chief of Staff;Mikhail Bonch-Bruyevich;1936;1957;1999;SD;School of Defence;Very High;Kaiserreich Bonch;X
4323;Chief of Army;Mikhail Bonch-Bruyevich;1936;1957;1999;SD;Static Defence Doctrine;Very High;Kaiserreich Bonch;X
4108;Minister of Armament;Pavel Shishkov;1936;1958;1999;ML;Carrier Proponent;High;MPavel_Alexandrovich_Shishkov;X
4109;Minister of Armament;Nikolai Skoblin;1936;1964;1999;SC;Infantry Proponent;High;L500090;X
4110;Head of Government;Georgiy Ignatiev;1943;1970;1999;SC;Silent Workhorse;High;Georgi_Ignatiev;X
4111;Minister of Security;Vladimir Samarin;1942;1970;1999;NS;Efficient Sociopath;High;MVladimir_Dmitrievich_Samarin;X
4112;Minister of Security;Sofya Panina;1917;1956;1999;SL;Man of the People;High;MSofia_Vladimirovna_Panina;X
4113;Minister of Security;Aleksandr Golitsyn;1936;1960;1999;PA;Silent Lawyer;Very High;MAleksandr_Dmitrievich_Golitsyn;X
4114;Minister of Security;Viktor Pokrovskiy;1936;1964;1999;NS;Back Stabber;Undying;L500069;X
4115;Minister of Security;Matvey Skobelev;1936;1960;1999;SC;Prince of Terror;High;M4115;X
4116;Head of Government;Boris Permikin;1948;1970;1999;FA;Old General;High;MBoris_Sergeevich_Permikin;X
4117;Foreign Minister;Maxim Litvinov;1936;1964;1999;ST;Biased Intellectual;High;M4003;X
4118;Minister of Armament;Sergei Kirov;1936;1961;1999;ST;Resource Industrialist;High;kaiserreich sergeikirov;X
4119;Minister of Security;Sergei Melgunov;1936;1956;1999;LWR;Man of the People;High;Kaiserreich Melgunov;X
4120;Head of Military Intelligence;Yan Berzin;1936;1964;1999;ST;Technical Specialist;High;M4006;X
4121;Head of Military Intelligence;Aleksandr Konovalov;1936;1964;1999;ML;Industrial Specialist;High;M4102;X
4122;Head of Military Intelligence;Aleksandr S. Antonov;1936;1964;1999;NS;Logistics Specialist;Very High;M4122;X
4338;Chief of Army;Aleksandr S. Antonov;1936;1964;1999;NS;Doctrine of Autonomy;Very High;M4122;X
4339;Chief of Staff;Vasiliy Biskupsky;1936;1945;1999;NS;School of Mass Combat;Very High;MRUS Biskupsky;X
4340;Chief of Staff;Igor Sakharov;1946;1970;1999;FA;School of Mass Combat;Very High;LIgor_Sakharov;X
4341;Minister of Security;Bronislav Kaminski;1936;1970;1999;NS;Prince of Terror;Very High;MRUS Kaminski;X
4342;Chief of Army;Konstantin Voskoboinik;1936;1964;1999;NS;Doctrine of Autonomy;Very High;MRUS Voskoboinik;X
4343;Foreign Minister;Yuri Kluchnikov;1936;1961;1999;SL;Great Compromiser;High;MRUS Kluchnikov;X
4344;Foreign Minister;Aleksey Tolstoy;1936;1945;1999;NS;Biased Intellectual;High;MRUS Tolstoy;X
4345;Head of Government;Nikolai Ustryalov;1936;1965;1999;NS;Flamboyant Tough Guy;High;MRUS Ustryalov;X
4346;Minister of Armament;Nikolai Ustryalov;1936;1965;1999;NS;Planned Economy Proponent;High;MRUS Ustryalov;X
4347;Head of State;Viktor Baydalakov;1945;1967;1999;PA;Autocratic Charmer;High;MRUS Baydalakov;X
4348;Head of Military Intelligence;Viktor Baydalakov;1936;1967;1999;PA;Political Specialist;Very High;MRUS Baydalakov;X
4349;Foreign Minister;Aleksandr Kazembek;1936;1970;1999;NS;Iron Fisted Brute;Very High;MRUS Kazembek;X
4350;Foreign Minister;Sergey Romanovskiy;1936;1970;1999;FA;Great Compromiser;High;MRUS Romanovski;X
4351;Head of Military Intelligence;Sergey Romanovskiy;1936;1970;1999;FA;Dismal Enigma;High;MRUS Romanovski;X
4353;Minister of Security;Aleksandr Galich;1936;1970;1999;NS;Man of the People;High;MRUS Galich;X
4352;Head of Government;Sergey Romanovskiy;1936;1970;1999;FA;Backroom Backstabber;High;MRUS Romanovski;X
4355;Minister of Security;Anatoly Makridi;1936;1970;1999;NS;Media Magnate;Very High;MRUS MacReady-Stenroos;X
4354;Minister of Armament;Andrey Zankevich;1936;1970;1999;NS;Construction Magnate;High;MRUS Zankevich;X
4123;Head of Military Intelligence;Vladimir Kappel;1936;1964;1999;PA;Logistics Specialist;High;L500106;X
4124;Chief of Staff;Pyotr Wrangel;1936;1964;1999;PA;School of Manoeuvre;High;M4124;X
4125;Chief of Staff;Mikhail Svechnikov;1936;1953;1999;FA;Commando Doctrine Staff;High;LMikhail_Stepanovich_Svechnikov;X
4126;Chief of Staff;Pavel Shatilov;1936;1964;1999;NS;School of Manoeuvre;High;Shatilov;X
4127;Chief of Staff;Boris Permikin;1936;1970;1999;FA;School of Psychology;High;LBoris_Sergeevich_Permikin;X
4128;Chief of Staff;Vasiliy Kazakov;1940;1968;1999;LE;School of Fire Support;High;LVasily_Kazakov;X
4129;Chief of Staff;Ivan Romanovsky;1936;1948;1999;FA;School of Fire Support;High;M4129;X
4330;Minister of Armament;Ivan Romanovsky;1936;1948;1999;FA;Reformer;Very High;M4129;X
4130;Chief of Staff;Evgeniy Ivanov;1945;1970;1999;FA;School of Manoeuvre;High;LIvanovEV;X
4131;Chief of Army;Fedor Tolbukhin;1938;1956;1999;LE;Static Defence Doctrine;Very High;L10336;X
4132;Chief of Army;Pavel Shatilov;1936;1964;1999;NS;Guns and Butter Doctrine;Very High;Shatilov;X
4133;Chief of Army;Sergey Markov;1936;1964;1999;PA;Innovative Artillery Officer;Very High;Mrus Markov;X
4134;Head of State;E.I.V. Pyotr IV Wrangel;1937;1964;1999;PA;The Black Tsar;Very High;kaiserreich_Wrangelking-1;X
4135;Chief of Army;Evgeniy Gusev;1936;1948;1999;PA;Armoured Spearhead Doctrine;Very High;LEvgeny_Nikolaevich_Gusev;X
4136;Chief of Army;Vasiliy von Blücher;1936;1960;1999;ST;Doctrine of Autonomy;Very High;M4136;X
4137;Chief of Army;Aleksandr Verkhovskiy;1936;1956;1999;SL;Guns and Butter Doctrine;High;LAleksandr_Verkhovsky;X
4138;Minister of Armament;Aleksandr Bubnov;1936;1963;1999;FA;Battle Fleet Proponent;High;LAleksandr_Bubnov;X
4139;Chief of Navy;Boris Vilkitsky;1936;1961;1999;NS;Hydrographic Service Proponent;High;Kaiserreich Vilkitsky;X
4141;Chief of Navy;Aleksandr Kolchak;1936;1964;1999;FA;Power Projection Doctrine;High;MRUS Kolchak;X
4142;Chief of Navy;Nikolai Ryabinin;1936;1950;1999;SC;Base Control Doctrine;High;MNikolai_Alexandrovich_Ryabinin;X
4143;Chief of Navy;Leonid Goncharov;1936;1955;1999;SL;Base Control Doctrine;High;LLeonid_Egorovich_Goncharov;X
4144;Chief of Navy;Mikhail Berens;1936;1945;1999;ML;Open Seas Doctrine;High;Berens;X
4145;Chief of Air Force;Konstantin Rozanov;1948;1970;1999;SC;Air Superiority Doctrine;High;LKonstantin_Vladimirovich_Rozanov;X
4148;Chief of Air Force;Vyacheslav Tkachov;1936;1965;1999;SC;Army Aviation Doctrine;High;Tkachov;X
4149;Chief of Air Force;Aleksandr Kazakov;1936;1950;1999;PA;Air Superiority Doctrine;High;Kazakov;X
4150;Chief of Air Force;Vladimir Diterikhs;1936;1956;1999;SC;Naval Aviation Doctrine;High;LVladimir_Vladimirovich_Diterikhs;X
4151;Chief of Army;Aleksandr Kutepov;1936;1960;1999;FA;Elastic Defence Doctrine;High;L500050;X
4152;Head of State;E.I.V. Kyril I Romanov;1937;1964;1999;SC;Untamed Autocrat;High;kaiserreich kyrilromanov2;X
4153;Head of State;E.I.V. Vladimir III Romanov;1938;1964;1999;ML;Liberal Tsar;High;kaiserreich vladimirromanov;X
4154;Head of State;Viktor Chernov;1936;1953;1999;SD;Die-hard Reformer;High;Mrus chernov;X
4155;Head of State;Pyotr Wrangel;1936;1964;1999;PA;The Black Baron;Very High;M4124;X
4156;Head of State;Anton Denikin;1936;1964;1999;PA;The Peasant Marshal;Very High;Mrus Denikin;X
4157;Head of Government;Pavel Shatilov;1936;1964;1999;NS;Political Protege;High;Shatilov;X
4158;Head of Government;Pyotr Wrangel;1936;1964;1999;PA;The Black Baron Hog;Very High;M4124;X
4159;Head of Government;Anton Denikin;1936;1964;1999;PA;The Peasant Marshal Hog;Very High;Mrus denikin;X
4199;Head of State;Aleksandr Kolchak;1936;1964;1999;FA;Admiral Dictator;Very High;Mrus kolchak;X
4331;Head of Government;Aleksandr Lukomsky;1936;1949;1999;FA;Old General;High;L500054;X
4332;Minister of Armament;Aleksey Putilov;1936;1941;1999;FA;Bank President;High;MRUS Putilov;X
4333;Minister of Security;Karlis Goppers;1936;1949;1999;NS;Secret Police Chief;High;MRUS Goppers;X
4334;Foreign Minister;Dmitri Odinets;1936;1950;1999;NS;Ideological Crusader;High;MRUS Odinets;X
4198;Head of Government;Aleksandr Kolchak;1936;1964;1999;FA;Flamboyant Tough Guy;Very High;Mrus kolchak;X
4160;Head of Government;Pavel Milyukov;1936;1964;1999;ML;Backroom Backstabber;Medium;Mrus miliukov;X
4161;Head of Government;Nikolai Bukharin;1936;1953;1999;LE;Silent Workhorse;High;BukharinSOV;X
4162;Head of State;Nikolai Bukharin;1936;1953;1999;LE;Die-hard Reformer;High;BukharinSOV;X
4163;Minister of Security;Maria Spiridonova;1936;1964;1999;LWR;Man of the People;Very High;Mrus spiridanova;X
4164;Head of Military Intelligence;Alexei Rykov;1936;1964;1999;LWR;Dismal Enigma;Very High;Rykov;X
4165;Minister of Armament;Nikolai Krestinsky;1936;1952;1999;LE;Administrative Genius;High;kaiserreich nkrestinsky;X
4166;Head of Military Intelligence;Konstantin Kromiadi;1936;1970;1999;NS;Logistics Specialist;Very High;MKonstantin_Grigorievich_Kromiadi;X
4167;Minister of Security;Pyotr Wrangel;1936;1964;1999;PA;Crime Fighter;Very High;M4124;X
4168;Minister of Armament;Lazer Kaganovich;1936;1964;1999;LWR;Resource Industrialist;High;M4004;X
4356;Head of Government;Lev Kamenev;1936;1958;1999;ST;Ambitious Union Boss;Very High;MRUS Kamenev;X
4357;Minister of Armament;Lev Kamenev;1936;1958;1999;ST;Planned Economy Proponent;Very High;MRUS Kamenev;X
4169;Head of Government;Lazer Kaganovich;1944;1964;1999;LWR;Flamboyant Tough Guy;Very High;M4004;X
4170;Foreign Minister;Lev Gumilov;1944;1970;1999;FA;Iron Fisted Brute;High;Lev_Gumilov;X
4171;Foreign Minister;Georgiy Ignatiev;1943;1970;1999;SC;Great Compromiser;High;Georgi_Ignatiev;X
4172;Foreign Minister;Nikolai Sukhanov;1936;1952;1999;LWR;Ideological Crusader;Medium;sukhanov;X
4173;Minister of Armament;Vladimir Smirnov;1936;1964;1999;SC;Laissez-Faire Capitalist;High;M4024;X
4174;Minister of Security;Boris Sokolov;1936;1970;1999;ML;Health and Safety;High;MBoris_Fedorovich_Sokolov;X
4175;Minister of Security;Vasiliy Kharlamov;1936;1957;1999;SC;Man of the People;High;Kaiserreich Kharlamov;X
4176;Head of Military Intelligence;Abram Dragomirov;1936;1955;1999;PA;Technical Specialist;High;kaiserreich Dragomirov;X
4177;Chief of Staff;Konstantin Rokossovskiy;1940;1969;1999;LWR;School of Manoeuvre;High;M4027;X
4178;Chief of Staff;Aleksandr Verkhovskiy;1936;1956;1999;SL;School of Manoeuvre;High;LAleksandr_Verkhovsky;X
4179;Chief of Navy;Mikhail Kedrov;1936;1946;1999;FA;Decisive Naval Battle Doctrine;High;Kedrov;X
4180;Chief of Air Force;Anatoliy Serov;1945;1970;1999;ST;Air Superiority Doctrine;High;LAnatoliy_Serov;X
4181;Chief of Army;Anton Denikin;1936;1964;1999;PA;Static Defence Doctrine;High;Mrus denikin;X
4182;Foreign Minister;Vladimir Galitzine;1938;1964;1999;PA;Great Compromiser;Very High;kaiserreich vladimirgallitzine;X
4183;Minister of Security;Felix Yusupov;1936;1964;1999;PA;Back Stabber;High;kai_flxfysp;X
4184;Head of Military Intelligence;Felix Yusupov;1936;1964;1999;PA;Political Specialist;Very High;kai_flxfysp;X
4185;Minister of Armament;Dmitri Pavlovich Romanov;1936;1964;1999;PA;Corrupt Kleptocrat;High;kaiserreich dmitripavlovich;X
4186;Chief of Army;Dmitri Pavlovich Romanov;1936;1964;1999;PA;Guns and Butter Doctrine;High;kaiserreich dmitripavlovich;X
4187;Minister of Security;Vladimir Purishkevich;1936;1940;1999;FA;Crooked Kleptocrat;High;kaiserreich VladimirPurishkevich;X
4188;Minister of Security;Vladimir Kokovtsov;1936;1944;1999;PA;Compassionate Gentleman;High;kaiserreich VladimirKokovtsov;X
4189;Minister of Armament;Vladimir Kokovtsov;1936;1944;1999;PA;Bank President;High;kaiserreich VladimirKokovtsov;X
4190;Foreign Minister;Vladimir D. Nabokov;1936;1945;1999;SC;General Staffer;High;kaiserreich VladimirDmitrievichNabokov;X
4191;Head of Government;Vladimir Purishkevich;1936;1940;1999;FA;Flamboyant Tough Guy;High;kaiserreich VladimirPurishkevich;X
4192;Head of Government;Felix Yusupov;1936;1964;1999;PA;Happy Amateur;High;kai_flxfysp;X
4193;Head of State;Dmitri Pavlovich Romanov;1936;1964;1999;PA;Charming President;High;kaiserreich dmitripavlovich;X
4194;Head of State;E.I.V. Dmitri V Romanov;1937;1964;1999;FA;Aristocratic Emperor;High;kaiserreich dmitripavlovich;X
4195;Minister of Security;Sergiy Nizhegorodskiy;1936;1964;1999;PA;Man of the People;High;kaiserreich sergiusofnn;X
4196;Minister of Security;Sergey Markov;1936;1964;1999;PA;Silent Lawyer;Very High;Mrus Markov;X
4197;Head of Military Intelligence;Boris Dudorov;1936;1965;1999;PA;Technical Specialist;High;Dudorov;X
4200;Minister of Security;Pavel Ignatiev;1936;1946;1999;PA;Crime Fighter;High;Pavel_Ignatiev;X
4201;Minister of Armament;Pavel Ignatiev;1936;1946;1999;PA;Resource Industrialist;High;Pavel_Ignatiev;X
4202;Head of Military Intelligence;Sergey Yeliseyev;1936;1970;1999;FA;Political Specialist;High;MSergey_Grigorievich_Eliseev;X
4203;Head of State;Sergey Markov;1945;1964;1999;PA;Stern Imperialist;High;MRUS Markov;X
4204;Head of State;Ariadna Tyrkova-Williams;1945;1962;1999;SL;Die-hard Reformer;High;MRUS Tyrkova;X
4205;Head of State;Alexei Arkhangelskiy;1936;1960;1999;PA;Resigned Generalissimo;High;Alexei_Archangelskiy;X
4214;Chief of Army;Alexei Arkhangelskiy;1938;1960;1999;PA;Decisive Battle Doctrine;High;Alexei_Archangelskiy;X
4216;Head of Government;Aleksandr Razvozov;1936;1964;1999;PA;Old Admiral;High;LAleksandr_Razvozov;X
4217;Head of State;Vasiliy Maklakov;1936;1957;1999;SC;Benevolent Gentleman;High;MRUS Maklakov;X
4218;Head of Government;Nikolai Trubetskoy;1936;1964;1999;SC;Naive Optimist;High;MRUS Trubetskoy;X
4219;Head of Government;Pyetr von Glazenap;1936;1951;1999;ML;Respected War Hero;High;MPyetr_Glazenap;X
4220;Head of Government;Vladimir Zenzinov;1936;1953;1999;SD;Silent Workhorse;High;MRUS Zenzinov;X
4221;Head of Government;Alexei Rykov;1936;1964;1999;LWR;Naive Optimist;High;Rykov;X
4222;Head of Government;Vyacheslav Molotov;1945;1964;1999;LE;Silent Workhorse;High;M4034;X
4223;Foreign Minister;Vladimir Paley;1936;1964;1999;SC;Apologetic Clerk;Very High;MRUS Paley;X
4224;Foreign Minister;Nikolai Trubetskoy;1936;1964;1999;SC;Biased Intellectual;High;MRUS Trubetskoy;X
4225;Foreign Minister;Pyetr von Glazenap;1936;1951;1999;ML;General Staffer;High;MPyetr_Glazenap;X
4226;Foreign Minister;Pavel Milyukov;1936;1964;1999;ML;Great Compromiser;High;MRUS Miliukov;X
4227;Foreign Minister;Ariadna Tyrkova-Williams;1936;1962;1999;SL;Apologetic Clerk;High;MRUS Tyrkova;X
4228;Foreign Minister;Grigory Zinoviev;1936;1957;1999;LWR;The Cloak N Dagger Schemer;High;MRUS Zinoviev;X
4229;Foreign Minister;Vyacheslav Molotov;1939;1970;1999;LE;Iron Fisted Brute;High;M4034;X
4230;Minister of Armament;Aleksandr Konovalov;1936;1964;1999;ML;Industrial Paternalist;High;M4102;X
4231;Minister of Armament;Andrei Sakharov;1948;1970;1999;SL;Theoretical Scientist;High;MRUS Sakharov;X
4232;Minister of Armament;Vadim Rudnev;1936;1941;1999;SL;Military Entrepreneur;High;MRUS Rudnev;X
4233;Minister of Armament;Mikhail Tereshchenko;1936;1956;1999;SL;Administrative Genius;High;MRUS Tereshchenko;X
4234;Minister of Armament;Nikolai Kondratiev;1936;1964;1999;LWR;Mixed Economy;High;MRUS Kondratiev;X
4235;Foreign Minister;Aleksandra Kollontay;1936;1952;1999;ST;Apologetic Clerk;High;MRUS Kollontai;X
4236;Foreign Minister;Mikhail Tereshchenko;1936;1956;1999;SL;Ideological Crusader;High;MRUS Tereshchenko;X
4237;Minister of Armament;Matvey Skobelev;1936;1960;1999;LWR;Administrative Genius;High;MRUS Skobelev;X
4238;Minister of Armament;Aleksandr Shlyapnikov;1936;1955;1999;LWR;Resource Industrialist;High;MRUS Shlyapnikov;X
4239;Minister of Security;Vladimir Zenzinov;1936;1953;1999;SD;Media Magnate;High;MRUS Zenzinov;X
4240;Minister of Armament;Nikolai Bukharin;1936;1953;1999;LE;Planned Economy Proponent;High;BukharinSOV;X
4241;Minister of Security;Vladimir D. Nabokov;1936;1945;1999;SC;Compassionate Gentleman;Medium;kaiserreich VladimirDmitrievichNabokov;X
4242;Minister of Armament;Mikhail Bernatskiy;1918;1943;1999;SL;Mixed Economy;High;MMikhail_Vladimirovich_Bernatsky;X
4243;Minister of Security;Pyetr Savitskiy;1936;1968;1999;SC;Efficient Sociopath;High;MPyetr_Nikolaevich_Savitsky;X
4244;Minister of Armament;Vasiliy Leontiev Sr.;1936;1966;1999;SD;Bank President;High;MVasily_Vasilievich_Leontiev_Sr;X
4245;Minister of Security;Vasiliy Maklakov;1936;1957;1999;SC;Silent Lawyer;High;MRUS Maklakov;X
4246;Foreign Minister;Boris Nolde;1918;1948;1999;SL;Great Compromiser;High;MBoris_Emmanuilovich_Nolde;X
4247;Minister of Security;Boris Nolde;1918;1948;1999;SL;Silent Lawyer;High;MBoris_Emmanuilovich_Nolde;X
4248;Minister of Security;Pyotr Krasnov;1960;1960;1999;FA;Crime Fighter;High;MRUS Krasnov;X
4249;Head of State;Dmitriy Maretskiy;1950;1970;1999;LE;Syndicalist Demagogue;High;MDmitry_Petrovich_Maretsky;X
4268;Foreign Minister;Dmitriy Maretskiy;1936;1970;1999;LE;Ideological Crusader;High;MDmitry_Petrovich_Maretsky;X
4269;Minister of Armament;Dmitriy Maretskiy;1936;1970;1999;LE;Industrialiser;High;MDmitry_Petrovich_Maretsky;X
4270;Head of Government;Aleksandr Slepkov;1944;1970;1999;LE;Silent Workhorse;High;MAlexander_Slepkov;X
4271;Minister of Armament;Aleksandr Slepkov;1936;1970;1999;LE;Mixed Economy;High;MAlexander_Slepkov;X
4272;Minister of Security;Aleksandr Slepkov;1936;1970;1999;LE;Man of the People;High;MAlexander_Slepkov;X
4273;Minister of Armament;Ivan Kraval;1936;1970;1999;LE;Planned Economy Proponent;High;MIvan_Adamovich_Kraval;X
4274;Head of Military Intelligence;Ivan Kraval;1936;1970;1999;LE;Industrial Specialist;High;MIvan_Adamovich_Kraval;X
4286;Minister of Armament;Lazar Shatskin;1937;1970;1999;LE;Planned Economy Proponent;High;MLazar_Abramovich_Shatskin;X
4309;Minister of Security;Lazar Shatskin;1937;1970;1999;LE;Efficient Sociopath;High;MLazar_Abramovich_Shatskin;X
4250;Head of State;Pitirim Sorokin;1936;1968;1999;SD;Benevolent Gentleman;High;MPitirim_Sorokin;X
4251;Head of Military Intelligence;Pavel Malyantovich;1936;1945;1999;SD;Political Specialist;High;MRUS Malyantovich;X
4252;Head of Military Intelligence;Maria Spiridonova;1936;1964;1999;LWR;Political Specialist;High;Mrus spiridanova;X
4253;Head of Military Intelligence;Dmitriy Popov;1936;1962;1999;LWR;Political Specialist;High;MRUS Popov;X
4254;Minister of Security;Alexei Rykov;1936;1964;1999;LWR;Silent Lawyer;Very High;Rykov;X
4255;Minister of Security;Iraklij Tsereteliy;1936;1964;1999;SD;Silent Lawyer;High;MRUS Tsereteli;X
4256;Minister of Security;Pitirim Sorokin;1936;1968;1999;SD;Compassionate Gentleman;High;MPitirim_Sorokin;X
4257;Minister of Security;Yan Berzin;1936;1964;1999;ST;Back Stabber;High;M4006;X
4258;Chief of Staff;Georgiy Zhukov;1941;1970;1999;ST;Deep Battle Proponent;High;kai_gkzhk;X
4259;Chief of Staff;Lavr Kornilov;1936;1939;1999;FA;School of Mass Combat;Very High;MRUS Kornilov;X
4260;Chief of Staff;Fedor Tolbukhin;1938;1956;1999;LE;School of Defence;Very High;L10336;X
4261;Chief of Staff;Georgiy Isserson;1939;1970;1999;SD;Deep Battle Proponent;Very High;LGeorgy_Samoilovich_Isserson;X
4262;Chief of Staff;Sergey Markov;1936;1964;1999;PA;School of Fire Support;Very High;MRUS Markov;X
4263;Chief of Army;Pyotr Wrangel;1936;1964;1999;PA;Old Cavalry General;Very High;M4124;X
4264;Chief of Army;Vasiliy Kazakov;1940;1968;1999;LE;Innovative Artillery Officer;High;LVasily_Kazakov;X
4265;Chief of Army;Ivan Romanovsky;1936;1948;1999;SC;Static Defence Doctrine;High;M4129;X
4266;Chief of Army;Lavr Kornilov;1936;1939;1999;FA;Decisive Battle Doctrine;Medium;MRUS Kornilov;X
4327;Head of State;Lavr Kornilov;1936;1939;1999;FA;Resigned Generalissimo;Very High;MRUS Kornilov;X
4335;Head of Government;Lavr Kornilov;1936;1939;1999;FA;Old General;Very High;MRUS Kornilov;X
4336;Foreign Minister;Aleksandr Dikgof-Derental;1936;1970;1999;NS;Biased Intellectual;Very High;MRUS Dikgof-Derental;X
4337;Minister of Security;Emma Dikgof-Derental ;1936;1970;1999;NS;Efficient Sociopath;Very High;MRUS Emma ikgof-Derental;X
4328;Head of State;Boris Savinkov;1937;1970;1999;NS;The Vozhd;Very High;M4108;X
4329;Head of Government;Boris Savinkov;1936;1970;1999;NS;The Vozhd2;Very High;M4108;X
4267;Head of Government;Konstantin Rokossovskiy;1960;1969;1999;LWR;Reformist Soldierhog;Very High;M4027;X
4275;Chief of Army;Konstantin Rokossovskiy;1940;1969;1999;LWR;Armoured Spearhead Doctrine;High;M4027;X
4276;Chief of Army;Vladimir Vitkovskiy;1936;1970;1999;PA;Decisive Battle Doctrine;High;L500100;X
4277;Foreign Minister;Georgiy Malenkov;1938;1964;1999;LWR;Ideological Crusader;Medium;Georgy_Malenkov;X
4278;Minister of Security;Georgiy Malenkov;1938;1964;1999;LWR;Silent Lawyer;Medium;Georgy_Malenkov;X
4279;Foreign Minister;Nikolai Nekrasov;1936;1954;1999;SL;Apologetic Clerk;High;MRUS Nekrasov;X
4280;Head of State;The Senate;1936;1964;1999;PA;Weary Stiffneck;Very High;MRUS Senate;X
4281;Head of State;E.I.V. Pavel II Romanov;1941;1970;1999;PA;Young Tsar;High;kaiserreichpavel;X
4282;Minister of Armament;Alexei Arkhangelskiy;1938;1960;1999;PA;Military Entrepreneur;High;Alexei_Archangelskiy;X
4283;Minister of Security;Valentin Speranskiy;1936;1958;1999;SD;Crime Fighter;High;MValentin_Nikolaevich_Speransky;X
4284;Head of State;Maria Spiridonova;1945;1964;1999;SD;Popular Figurehead;Very High;Mrus spiridanova;X
4285;Foreign Minister;Maria Spiridonova;1936;1964;1999;SD;Ideological Crusader;High;Mrus spiridanova;X
4287;Chief of Staff;Nikolai Vatutin;1944;1970;1999;SD;School of Psychology;High;L10354;X
4288;Chief of Army;Ivan Konev;1938;1970;1999;LE;Decisive Battle Doctrine;Medium;KR_Konev;X
4289;Head of Government;Lev Gumilov;1950;1970;1999;FA;Naive Optimist;High;Lev_Gumilov;X
4290;Chief of Navy;Aleksandr Razvozov;1936;1964;1999;PA;Decisive Naval Battle Doctrine;High;LAleksandr_Razvozov;X
4291;Head of Military Intelligence;Nikolai Vatutin;1944;1970;1999;SD;Logistics Specialist;High;L10354;X
4292;Foreign Minister;Georgiy Vernadsky;1936;1970;1999;SL;Great Compromiser;High;M4292;X
4293;Minister of Armament;Pavel Buryshkin;1936;1955;1999;ML;Administrative Genius;High;MPavel_Afanasevich_Buryshkin;X
4294;Chief of Staff;Mikhail Drozdovskiy;1936;1964;1999;FA;School of Psychology;Medium;L500011;X
4295;Chief of Army;Mikhail Drozdovskiy;1936;1964;1999;FA;Decisive Battle Doctrine;Medium;L500011;X
4296;Minister of Armament;Sergei Bulgakov;1936;1945;1999;SC;Planned Economy Proponent;Medium;M4296;X
4297;Head of Military Intelligence;Nikolai Berdyaev;1936;1948;1999;LWR;Logistics Specialist;Medium;M4297;X
4298;Minister of Armament;Vasiliy Leontiev;1945;1970;1999;ML;Laissez-Faire Capitalist;High;M4298;X
4299;Minister of Armament;Igor Sikorskiy;1936;1970;1999;SC;Strategic Air Proponent;Medium;M4299;X
4300;Minister of Security;Ivan A. Ilyin;1936;1964;1999;NS;Silent Lawyer;Medium;M4300;X
4301;Head of Military Intelligence;Roman Gul;1936;1970;1999;SC;Industrial Specialist;High;M4301;X
4302;Minister of Security;Aleksandr Protopopov;1936;1937;1999;SC;Back Stabber;High;M4302;X
4303;Chief of Army;Aleksandr Rodzyanko;1936;1970;1999;PA;Old Cavalry General;High;M4303;X
4304;Minister of Security;Aleksandr Balk;1936;1964;1999;FA;Prince of Terror;Medium;M4304;X
4305;Head of State;E.I.V. Ivan VII;1936;1964;1999;PA;German Aristocrat;High;kaiserreich Louis Ferdinand;X
4306;Head of Government;Abram Dragomirov;1936;1955;1999;PA;Old General;Medium;kaiserreich Dragomirov;X
4307;Head of State;Pavel Bermondt-Avalov;1936;1970;1999;PA;Ruthless Powermonger;High;kaiserreich Bermondt-Avalov;X
4308;Head of Government;Pavel Bermondt-Avalov;1936;1964;1999;PA;Old General;Medium;kaiserreich Bermondt-Avalov;X
4310;Head of Military Intelligence;Vasily Shulgin;1936;1970;1999;SC;Technical Specialist;High;Shulgin;X
4311;Minister of Security;Vasily Shulgin;1936;1970;1999;SC;Back Stabber;High;Shulgin;X
4312;Head of State;E.I.V. Ivan VII;1936;1964;1999;SC;German Aristocrat;High;kaiserreich Louis Ferdinand;X
4313;Chief of Army;Abram Dragomirov;1936;1955;1999;PA;Old Cavalry General;Medium;kaiserreich Dragomirov;X
4314;Head of State;Solomon Lozovsky;1936;1964;1999;LE;Die-hard Reformer;High;Kai_Solomon Lozovsky;X
4315;Head of Government;Regency Council;1940;1964;1999;FA;Silent Workhorse;High;rusprotectorate;X
4316;Chief of Staff;Fedor Trukhin;1944;1970;1999;ML;School of Mass Combat;High;L518046;X
4317;Head of Military Intelligence;Vasiliy Kharlamov;1936;1957;1999;ML;Logistics Specialist;Very High;Kaiserreich Kharlamov;X
4324;Minister of Security;Konstantin Popov;1936;1964;1999;FA;Crime Fighter;Very High;MKonstantin_Sergeevich_Popov;X
4325;Chief of Navy;Nestor Monastyrev;1936;1957;1999;ML;Indirect Approach Doctrine;Very High;Kaiserreich Monastyrev;X
4326;Chief of Army;Mikhail Batorskiy;1936;1960;1999;SD;Guns and Butter Doctrine;Very High;LMikhail_Batorsky;X
4358;Chief of Air Force;Aleksandr Novikov;1944;1970;1999;LWR;Army Aviation Doctrine;Very High;L10485;X
4359;Chief of Navy;Ivan Isakov;1936;1968;1999;LWR;Open Seas Doctrine;High;LIvan_Isakov;X
4360;Minister of Armament;Aleksandr Prokofiev-Severskiy;1936;1970;1999;SC;Air Superiority Proponent;Medium;MAleksandr_Prokofiev-Severskiy;X
4361;Minister of Armament;Vladimir Lebedev;1936;1947;1999;PA;Air Superiority Proponent;High;MVladimir_Lebedev;X
4362;Minister of Armament;Boris Stechkin;1936;1969;1999;SC;Theoretical Scientist;High;MBoris_Stechkin;X
4363;Minister of Armament;Leonid Goncharov;1936;1955;1999;SL;Battle Fleet Proponent;High;LLeonid_Egorovich_Goncharov;X
4364;Minister of Armament;Aleksandr Orel;1945;1970;1999;SC;Submarine Proponent;High;LAleksandr_Orel;X
4365;Chief of Navy;Aleksandr Orel;1945;1970;1999;SC;Indirect Approach Doctrine;High;LAleksandr_Orel;X
4366;Chief of Navy;Yuri Sheltinga;1936;1962;1999;SD;Indirect Approach Doctrine;High;LYuri_Sheltinga;X
4367;Chief of Navy;Sergei Stavitsky;1936;1954;1999;LWR;Decisive Naval Battle Doctrine;High;LSergei_Petrovich_Stavitsky;X
4368;Chief of Navy;Nikolai Vinogradov;1945;1970;1999;LE;Indirect Approach Doctrine;High;LNikolai_Vinogradov;X
4369;Minister of Armament;Nikolai Vinogradov;1945;1970;1999;LE;Submarine Proponent;High;LNikolai_Vinogradov;X
4370;Chief of Navy;Nikolai Amelko;1949;1970;1999;LE;Open Seas Doctrine;High;LNikolai_Amelko;X
4371;Head of Military Intelligence;Nikolai Amelko;1949;1970;1999;LE;Naval Intelligence Specialist;High;LNikolai_Amelko;X
4372;Chief of Navy;Semyon Lobov;1950;1970;1999;LE;Power Projection Doctrine;High;LSemyon_Lobov;X
4373;Minister of Armament;Maxim Skriganov;1936;1951;1999;LE;Submarine Proponent;High;LMaxim_Petrovich_Skriganov;X
4374;Chief of Navy;Ivan Gren;1936;1961;1999;LWR;Base Control Doctrine;High;LIvan_Johannes_Gren;X
4375;Chief of Navy;Ivan Yumashev;1939;1970;1999;SD;Base Control Doctrine;High;LIvan_Yumashev;X
4376;Minister of Armament;Viktor Utgof;1936;1960;1999;FA;Air to Sea Proponent;High;Utgoff;X
4377;Head of Military Intelligence;Dmitriy Grendal;1941;1970;1999;SD;Technical Specialist;High;LDmitry_Davydovich_Grendal;X
4378;Chief of Air Force;Mikhail Gromov;1944;1970;1999;SL;Vertical Envelopment Doctrine;High;LMikhail_Mikhailovich_Gromov;X
4379;Chief of Air Force;Vasiliy Khripin;1936;1964;1999;LWR;Carpet Bombing Doctrine;High;LVasiliy_Khripin;X
4380;Minister of Armament;Vasiliy Khripin;1936;1964;1999;LWR;Strategic Air Proponent;High;LVasiliy_Khripin;X
4381;Head of Military Intelligence;Vasiliy Khripin;1936;1964;1999;LWR;Logistics Specialist;High;LVasiliy_Khripin;X
4382;Chief of Air Force;Nikolai Kochetkov;1950;1970;1999;PA;Army Aviation Doctrine;High;LNikolai_Pavlovich_Kochetkov;X
4383;Minister of Armament;Nikolai Kochetkov;1950;1970;1999;PA;Air to Ground Proponent;High;LNikolai_Pavlovich_Kochetkov;X
4384;Chief of Air Force;Sergey Lishin;1936;1960;1999;LWR;Naval Aviation Doctrine;High;LSergey_Andreevich_Lishin;X
4385;Chief of Air Force;Mikhail Burkin;1950;1970;1999;LE;Naval Aviation Doctrine;High;LMikhail_Ivanovich_Burkin;X
4386;Chief of Air Force;Evgeniy Loginov;1949;1970;1999;PA;Carpet Bombing Doctrine;High;LEvgeniy_Loginov;X
4387;Chief of Air Force;Vasiliy Lavrov;1936;1970;1999;SD;Naval Aviation Doctrine;High;LVasily_Konstantinovich_Lavrov;X
4388;Minister of Armament;Vasiliy Lavrov;1936;1970;1999;SD;Air to Sea Proponent;High;LVasily_Konstantinovich_Lavrov;X
4389;Minister of Armament;Anatoliy Serov;1945;1970;1999;ST;Air Superiority Proponent;High;LAnatoliy_Serov;X
4390;Chief of Air Force;Aleksey Shirinkin;1936;1964;1999;LWR;Air Superiority Doctrine;High;LAleksey_Dmitrievich_Shirinkin;X
4391;Chief of Air Force;Nikolai Skripko;1946;1970;1999;LE;Carpet Bombing Doctrine;High;L10497;X
4392;Chief of Air Force;Ivan Lisov;1949;1970;1999;ML;Vertical Envelopment Doctrine;High;LIvan_Ivanovich_Lisov;X
4393;Chief of Air Force;Aleksandr Turzhanskiy;1936;1970;1999;LE;Army Aviation Doctrine;High;LAleksandr_Aleksandrovich_Turzhanskiy;X
4394;Minister of Armament;Aleksandr Turzhanskiy;1936;1970;1999;LE;Air to Ground Proponent;High;LAleksandr_Aleksandrovich_Turzhanskiy;X
4395;Chief of Air Force;Vadim Utgof;1955;1970;1999;PA;Naval Aviation Doctrine;High;LVadim_Viktorovich_Utgof;X
4396;Chief of Air Force;Yevgraf Kruten;1936;1960;1999;PA;Air Superiority Doctrine;High;Kruten;X
4397;Chief of Staff;Ivan Belyayev;1936;1957;1999;SC;School of Fire Support;High;Belyaev;X
4398;Minister of Security;Ivan Belyayev;1936;1957;1999;SC;Man of the People;High;Belyaev;X
4399;Chief of Army;Ivan Lisov;1953;1970;1999;ML;Commando Doctrine Army;High;LIvan_Ivanovich_Lisov;X
4400;Chief of Staff;Ivan Lisov;1953;1970;1999;ML;Commando Doctrine Staff;High;LIvan_Ivanovich_Lisov;X
4401;Chief of Staff;Leonid Minov;1936;1970;1999;LWR;Commando Doctrine Staff;High;LLeonid_Grigorevich_Minov;X
4402;Chief of Air Force;Leonid Minov;1936;1970;1999;LWR;Vertical Envelopment Doctrine;High;LLeonid_Grigorevich_Minov;X
4403;Chief of Staff;Mitrofan Nedelin;1950;1970;1999;SC;Strategic Missile Focus;High;LMitrofan_Nedelin;X
4404;Chief of Army;Georgiy Sofronov;1936;1970;1999;LE;Commando Doctrine Army;High;LGeorgy_Sofronov;X
4405;Chief of Staff;Sergey Sokolov;1956;1970;1999;ML;School of Manoeuvre;High;LSergey_Sokolov;X
4406;Chief of Army;Sergey Sokolov;1956;1970;1999;ML;Armoured Spearhead Doctrine;High;LSergey_Sokolov;X
4407;Minister of Armament;Pyotr Sekretov;1936;1943;1999;FA;Motorisation Proponent;High;LPyotr_Ivanovich_Sekretov;X
4408;Chief of Staff;Mikhail Vorobyov;1942;1964;1999;ML;School of Defence;High;L10366;X
4409;Chief of Army;Mikhail Vorobyov;1942;1964;1999;ML;Combat Engineering Doctrine;High;L10366;X
4410;Chief of Army;Semyon Ventsov-Krantz;1937;1970;1999;SD;Guns and Butter Doctrine;High;LSemyon_Ivanovich_Ventsov-Krantz;X
4411;Minister of Security;Dmitriy Meysner;1939;1970;1999;SD;Silent Lawyer;High;MDmitry_Ivanovich_Meisner;X
4412;Head of Military Intelligence;Klavdiy Foss;1936;1970;1999;FA;Dismal Enigma;High;MClaudius_Aleksandrovich_Foss;X
4413;Minister of Armament;Platon Malozyemov;1945;1970;1999;ML;Steel Magnate;High;MPlaton_Aleksandrovich_Malozyemov;X
4414;Minister of Armament;Semyon Kuznets;1936;1970;1999;SD;Mixed Economy;High;MSemyon_Abramovich_Kuznets;X
4415;Minister of Armament;Aleksandr Titov;1936;1962;1999;SC;Planned Economy Proponent;High;MAleksandr_Andreevich_Titov;X
4416;Minister of Armament;Vladimir Ipatiev;1936;1952;1999;SC;Oil Baron;High;MVladimir_Ipatiev;X
4417;Minister of Armament;Leonid Kantorovich;1942;1970;1999;SD;Administrative Genius;High;MLeonid_Kantorovich;X
4418;Minister of Armament;Ivan Lebedev;1943;1970;1999;SC;Tank Proponent;High;MIvan_Andrianovich_Lebedev;X
4419;Minister of Security;Nikolai Anichkov;1936;1964;1999;PA;Health and Safety;High;MNikolai_Nikolaevich_Anichkov;X
4420;Minister of Security;Pyotr Sergiyev;1937;1970;1999;LWR;Health and Safety;High;MPyotr_Grigorievich_Sergiev;X
4421;Minister of Armament;Vasiliy Nemchinov;1936;1964;1999;LWR;Planned Economy Proponent;High;MVasily_Nemchinov;X
4422;Minister of Armament;Yakov Kolotyrkin;1942;1970;1999;LWR;Industrial Chemist;High;MYakov_Mikhailovich_Kolotyrkin;X
4423;Minister of Armament;Avraamiy Zavenyagin;1941;1964;1999;ST;Steel Magnate;High;MAvraamy_Pavlovich_Zavenyagin;X
4424;Minister of Armament;Nikolai Streletskiy;1936;1967;1999;LWR;Construction Magnate;High;MNikolai_Stanislavovich_Streletsky;X
4425;Minister of Armament;Andrey Khrulev;1936;1963;1999;ST;Military Entrepreneur;High;MAndrey_Vasilievich_Khrulev;X
4426;Head of Military Intelligence;Andrey Khrulev;1936;1963;1999;ST;Industrial Specialist;High;MAndrey_Vasilievich_Khrulev;X
4427;Minister of Armament;Dmitriy Kochetkov;1944;1968;1999;LE;Tank Proponent;High;MDmitry_Ermolaevich_Kochetkov;X
4428;Head of Military Intelligence;Leonid Bekrenev;1944;1970;1999;ST;Naval Intelligence Specialist;High;LLeonid_Konstantinovich_Bekrenev;X
4429;Chief of Air Force;Aleksandr Sedyakin;1936;1964;1999;ST;Air Defence Doctrine;High;LAleksandr_Sedyakin;X
4430;Chief of Air Force;Sergey Biryuzov;1954;1970;1999;LE;Air Defence Doctrine;High;L9846;X
4431;Chief of Air Force;Sergey Shebalin;1936;1964;1999;PA;Air Defence Doctrine;High;LShebalinSK;X
4432;Chief of Air Force;Nikolai Moiseyenko-Velikiy;1936;1965;1999;FA;Air Superiority Doctrine;High;LMoiseyenko-Velikiy;X
4433;Chief of Navy;Aleksandr Bubnov;1936;1963;1999;FA;Open Seas Doctrine;High;LAleksandr_Bubnov;X
4434;Chief of Navy;Ivan Papanin;1936;1970;1999;SL;Hydrographic Service Proponent;High;L10431;X
4435;Chief of Navy;Pavel Shishko;1936;1967;1999;FA;Coastal Defence Doctrine;High;LPavel_Ottonovich_Shishko;X
4436;Head of Military Intelligence;Ivan Rengarten;1936;1953;1999;PA;Naval Intelligence Specialist;High;MIvan_Ivanovich_Rengarten;X
4437;Chief of Navy;Vladimir Kasatonov;1945;1970;1999;PA;Power Projection Doctrine;High;LVladimir_Kasatonov;X
4438;Chief of Navy;Ivan Dmitriev;1936;1949;1999;LE;Power Projection Doctrine;High;LIvan_Nikolaevich_Dmitriev;X
4439;Chief of Navy;Vladimir Tributs;1939;1970;1999;LE;Power Projection Doctrine;High;L10447;X
4440;Head of Military Intelligence;Vladimir Belli;1936;1970;1999;LE;Naval Intelligence Specialist;High;MVladimir_Aleksandrovich_Belli;X
4441;Foreign Minister;Vladimir Belli;1936;1970;1999;LE;General Staffer;High;MVladimir_Aleksandrovich_Belli;X
4442;Chief of Navy;Aleksey Zaev;1936;1966;1999;FA;Riverine Warfare Doctrine;High;Zaev;X
4443;Chief of Army;Aleksey von Lampe;1936;1967;1999;FA;Combat Engineering Doctrine;High;Kaiserreich Lampe;X
4444;Chief of Army;Dmitriy Karbyshev;1936;1950;1999;LWR;Combat Engineering Doctrine;High;LDmitry_Mikhailovich_Karbyshev;X
4445;Foreign Minister;Sergey Krylov;1936;1959;1999;LWR;Great Compromiser;High;MSergey_Borisovich_Krylov;X
4446;Minister of Security;Sergey Krylov;1936;1959;1999;LWR;Media Magnate;High;MSergey_Borisovich_Krylov;X
4447;Foreign Minister;Yakov Lomakin;1944;1970;1999;LE;Ideological Crusader;High;MYakov_Mironovich_Lomakin;X
4448;Minister of Armament;Yakov Lomakin;1944;1970;1999;LE;Keynesian Economy;High;MYakov_Mironovich_Lomakin;X
4449;Minister of Security;Yakov Lomakin;1944;1970;1999;LE;Media Magnate;High;MYakov_Mironovich_Lomakin;X
4450;Chief of Staff;Aleksey Nesterenko;1946;1970;1999;ST;Strategic Missile Focus;High;LAleksei_Ivanovich_Nesterenko;X
4451;Chief of Army;Ivan Tyulenev;1936;1964;1999;LE;Old Cavalry General;High;L10334;X
4452;Minister of Armament;Vladimir Kotelnikov;1936;1970;1999;LWR;Theoretical Scientist;High;MVladimir_Kotelnikov;X
4453;Minister of Armament;Aleksey Surin;1936;1970;1999;ML;Tank Proponent;High;MAleksey_Mikhailovich_Surin;X
4454;Minister of Armament;Grigoriy Kovalev;1940;1970;1999;LWR;Tank Proponent;High;MGrigory_Nikolaevich_Kovalev;X
4455;Minister of Armament;Nikolay Barykov;1945;1968;1999;SL;Tank Proponent;High;MNikolay_Vsevolodovich_Barykov;X
4456;Minister of Armament;Mikhail Pavlov;1936;1958;1999;SC;Steel Magnate;High;MMikhail_Alexandrovich_Pavlov;X
4457;Minister of Armament;Ivan Bardin;1936;1960;1999;SD;Steel Magnate;High;MIvan_Pavlovich_Bardin;X
4458;Minister of Armament;Nikolay Chizhevskiy;1936;1952;1999;SD;Industrial Chemist;High;MNikolay_Prokopyevich_Chizhevsky;X
4459;Minister of Armament;Yevgeniy Paton;1936;1954;1999;SL;Construction Magnate;High;MEvgeny_Oscarovich_Paton;X
4460;Minister of Armament;Aleksandr Kuznetsov;1936;1954;1999;SC;Construction Magnate;High;MAlexander_Vasilievich_Kuznetsov;X
4461;Minister of Armament;Viktor Vesnin;1936;1951;1999;SD;Construction Magnate;High;MViktor_Aleksandrovich_Vesnin;X
4462;Minister of Armament;Anatoliy Fisenko;1940;1970;1999;LWR;Construction Magnate;High;MAnatoly_Stepanovich_Fisenko;X
4463;Minister of Armament;Leo Serk;1936;1955;1999;SC;Construction Magnate;High;MLeo_Akselevich_Serk;X
4464;Minister of Armament;Leo Serk;1936;1955;1999;LE;Construction Magnate;High;MLeo_Akselevich_Serk;X
4465;Minister of Armament;Valerian Obolenskiy;1936;1962;1999;ST;Industrialiser;High;MValerian_Valerianovich_Obolensky;X
4466;Minister of Armament;Vladimir Milyutin;1936;1954;1999;SD;Mixed Economy;High;MVladimir_Pavlovich_Milyutin;X
4467;Minister of Armament;Pyotr Bogdanov;1936;1952;1999;LE;Planned Economy Proponent;High;MPyotr_Alekseevich_Bogdanov;X
4468;Minister of Armament;Mikhail Varentsov;1946;1970;1999;LWR;Oil Baron;High;MMikhail_Ivanovich_Varentsov;X
4469;Minister of Armament;Yuriy Kosygin;1949;1970;1999;ML;Oil Baron;High;MYuri_Alexandrovich_Kosygin;X
4470;Minister of Armament;Aleksandr Topchiyev;1942;1970;1999;LE;Oil Baron;High;MAlexander_Vasilievich_Topchiev;X
4471;Minister of Armament;Vladimir Razumov;1936;1968;1999;SD;Theoretical Scientist;High;MVladimir_Vasilievich_Razumov;X
4472;Minister of Armament;Mikhail Yangel;1951;1970;1999;ML;Theoretical Scientist;High;MMikhail_Kuzmich_Yangel;X
4473;Minister of Armament;Fedor Petrov;1942;1970;1999;LWR;Reformer;High;MFyodor_Fyodorovich_Petrov;X
4474;Minister of Armament;Vladimir Myasishchev;1946;1970;1999;SL;Strategic Air Proponent;High;MVladimir_Myasishchev;X
4475;Minister of Armament;Vasiliy Flug;1936;1945;1999;FA;Infantry Proponent;High;MVasily_Yegorovich_Flug;X
4476;Minister of Armament;Vladimir Yegoryev;1936;1948;1999;SL;Infantry Proponent;High;MVladimir_Nikolayevich_Yegoryev;X
4477;Minister of Armament;Aleksandr Chernikov;1936;1970;1999;ML;Infantry Proponent;High;MAlexander_Nikiforovich_Chernikov;X
4478;Minister of Armament;Mikhail Gerasimov;1944;1962;1999;LWR;Infantry Proponent;High;L9940;X
4479;Minister of Armament;Nikolay Drozdov;1918;1954;1999;SC;Artillery Proponent;High;MNikolai_Fedorovich_Drozdov;X
4480;Minister of Armament;Nikolay Drozdov;1918;1954;1999;LE;Artillery Proponent;High;MNikolai_Fedorovich_Drozdov;X
4481;Minister of Armament;Yevgeniy Berkalov;1918;1953;1999;PA;Artillery Proponent;High;MEvgeny_Alexandrovich_Berkalov;X
4482;Minister of Armament;Yevgeniy Berkalov;1918;1953;1999;SD;Artillery Proponent;High;MEvgeny_Alexandrovich_Berkalov;X
4483;Minister of Armament;Yevgeniy Chudakov;1936;1954;1999;ML;Motorisation Proponent;High;MEvgeny_Alekseevich_Chudakov;X
4484;Minister of Armament;Nikolay Astrov;1941;1970;1999;SC;Motorisation Proponent;High;MNikolay_Aleksandrovich_Astrov;X
4485;Minister of Armament;Nikolay Briling;1936;1961;1999;LE;Motorisation Proponent;High;MNikolay_Romanovich_Briling;X
4486;Minister of Armament;Vitaliy Grachev;1941;1970;1999;LWR;Motorisation Proponent;High;MVitaly_Andreevich_Grachev;X
4487;Minister of Armament;Vladimir Yurkevich;1936;1965;1999;ML;Battle Fleet Proponent;High;MVladimir_Ivanovich_Yurkevich;X
4488;Minister of Armament;Ivan Bubnov;1936;1942;1999;PA;Submarine Proponent;High;MIvan_Grigoryevich_Bubnov;X
4489;Minister of Armament;Boris Malinin;1936;1950;1999;SL;Submarine Proponent;High;MBoris_Mikhailovich_Malinin;X
4490;Minister of Armament;Sergey Bazilevskiy;1950;1970;1999;SC;Submarine Proponent;High;MSergei_Aleksandrovich_Bazilevsky;X
4491;Minister of Armament;Zosima Deribin;1939;1970;1999;LWR;Submarine Proponent;High;MZosima_Alexandrovich_Deribin;X
4492;Head of Military Intelligence;Mikhail Krupskiy;1940;1970;1999;ML;Technical Specialist;High;MMikhail_Alexandrovich_Krupsky;X
4493;Chief of Navy;Mikhail Krupskiy;1940;1970;1999;ML;Hydrographic Service Proponent;High;MMikhail_Alexandrovich_Krupsky;X
4494;Minister of Armament;Viktor Pershin;1941;1968;1999;LE;Brilliant Marine Engineer;High;MViktor_Ivanovich_Pershin;X
4495;Minister of Armament;Aleksey Krylov;1936;1946;1999;ML;Brilliant Marine Engineer;High;MAleksey_Nikolayevich_Krylov;X
4496;Minister of Armament;Aleksey Krylov;1936;1946;1999;LE;Brilliant Marine Engineer;High;MAleksey_Nikolayevich_Krylov;X
4497;Chief of Navy;Aleksey Krylov;1936;1946;1999;ML;Hydrographic Service Proponent;High;MAleksey_Nikolayevich_Krylov;X
4498;Chief of Navy;Aleksey Krylov;1936;1946;1999;LE;Hydrographic Service Proponent;High;MAleksey_Nikolayevich_Krylov;X
4499;Chief of Navy;Aleksandr Afanasyev;1940;1970;1999;SL;Merchant Navy Focus;High;MAlexander_Alexandrovich_Afanasyev;X
4500;Chief of Navy;Lev Fenshau;1936;1958;1999;PA;Indirect Approach Doctrine;High;LLev_Konstantinovich_Fenshaw;X
4501;Head of Military Intelligence;Aleksandr Gerasimov;1936;1944;1999;PA;Dismal Enigma;High;MAlexander_Vasilievich_Gerasimov;X
4502;Head of Military Intelligence;Konstantin Globachev;1936;1942;1999;SC;Counterintelligence Specialist;High;MKonstantin_Ivanovich_Globachev;X
4503;Head of Military Intelligence;Aleksandr Spiridovich;1936;1951;1999;PA;Political Specialist;High;MAlexander_Ivanovich_Spiridovich;X
4504;Head of Military Intelligence;Artur Artuzov;1936;1964;1999;LE;Counterintelligence Specialist;High;MArtur_Khristyanovich_Artuzov;X
4505;Head of Military Intelligence;Mikhail Shalin;1937;1970;1999;LWR;Logistics Specialist;High;MMikhail_Alekseevich_Shalin;X
4506;Head of Military Intelligence;Dmitriy Bystrolotov;1938;1970;1999;SL;Political Specialist;High;MDmitri_Aleksandrovich_Bystrolotov;X
4507;Foreign Minister;Dmitriy Bystrolotov;1938;1970;1999;SL;The Cloak N Dagger Schemer;High;MDmitri_Aleksandrovich_Bystrolotov;X
4508;Head of Military Intelligence;Boris Pashkovskiy;1942;1970;1999;SC;Counterintelligence Specialist;High;MBoris_Fodorovich_Pashkovsky;X
4509;Foreign Minister;Boris Pashkovskiy;1942;1970;1999;SC;General Staffer;High;MBoris_Fodorovich_Pashkovsky;X
4510;Minister of Security;Isaac Steinberg;1936;1957;1999;LWR;Silent Lawyer;High;MIsaac_Nachman_Steinberg;X
4511;Minister of Security;Aleksandr Myasnikov;1940;1970;1999;SD;Health and Safety;High;MAleksander_Leonidovich_Myasnikov;X
4512;Minister of Security;Georgiy Lang;1936;1949;1999;ML;Health and Safety;High;MGeorgy_Fodorovich_Lang;X
4513;Head of Military Intelligence;Yevgeniy Iskritskiy;1936;1950;1999;SC;Logistics Specialist;High;LEvgeny_Andreevich_Iskritsky;X
4514;Chief of Army;Yevgeniy Iskritskiy;1936;1950;1999;SC;Guns and Butter Doctrine;High;LEvgeny_Andreevich_Iskritsky;X
4515;Head of Military Intelligence;Nikolay Alekseyev;1936;1955;1999;FA;Logistics Specialist;High;LNikolay_Nikolaevich_Alekseev;X
4516;Chief of Army;Nikolay Alekseyev;1936;1955;1999;FA;Guns and Butter Doctrine;High;LNikolay_Nikolaevich_Alekseev;X
4517;Chief of Navy;Nikolay Abramov;1940;1965;1999;LE;Riverine Warfare Doctrine;High;LNikolay_Osipovich_Abramov;X
4518;Chief of Navy;Aleksey Yeliseyev;1936;1962;1999;LE;Coastal Defence Doctrine;High;LAlexey_Borisovich_Eliseev;X
4519;Chief of Navy;Boris Khoroshkhin;1941;1967;1999;LE;Riverine Warfare Doctrine;High;LBoris_Vladimirovich_Khoroshkhin;X
4520;Chief of Navy;Mikhail Kumanin;1941;1966;1999;LWR;Coastal Defence Doctrine;High;LMikhail_Fedorovich_Kumanin;X
4521;Chief of Navy;Boris Apostoli;1946;1965;1999;SD;Power Projection Doctrine;High;LBoris_Nikolaevich_Apostoli;X
4522;Chief of Navy;Vsevolod Egoriev;1936;1967;1999;SD;Open Seas Doctrine;High;LVsevolod_Evgenievich_Egoriev;X
4523;Chief of Navy;Dmitriy Verderevskiy;1917;1948;1999;SL;Decisive Naval Battle Doctrine;High;LDmitry_Nikolaevich_Verderevsky;X
4524;Chief of Navy;Voin Petrovich Rimskiy-Korsakov;1937;1965;1999;SL;Decisive Naval Battle Doctrine;High;LVoin_Petrovich_Rimsky-Korsakov;X
4525;Chief of Navy;Sergey Vlasyev;1920;1955;1999;SC;Indirect Approach Doctrine;High;LSergey_Nikolaevich_Vlasyev;X
4526;Minister of Armament;Sergey Vlasyev;1920;1955;1999;SC;Submarine Proponent;High;LSergey_Nikolaevich_Vlasyev;X
4527;Chief of Navy;Nikolay Avraamov;1941;1964;1999;SC;Coastal Defence Doctrine;High;LNikolay_Yurievich_Avraamov;X
4528;Chief of Navy;Sergey Lappo;1946;1970;1999;SC;Hydrographic Service Proponent;High;LSergey_Dmitrievich_Lappo;X
4529;Chief of Navy;Andrian Nepenin;1919;1947;1999;PA;Open Seas Doctrine;High;LAndrian_Ivanovich_Nepenin;X
4530;Head of Military Intelligence;Andrian Nepenin;1919;1947;1999;PA;Naval Intelligence Specialist;High;LAndrian_Ivanovich_Nepenin;X
4531;Head of Military Intelligence;Petr Novopashennyy;1936;1956;1999;PA;Technical Specialist;High;LPetr_Alekseevich_Novopashenny;X
4532;Chief of Navy;Boris Dudorov;1936;1965;1999;PA;Power Projection Doctrine;High;Dudorov;X
4533;Minister of Armament;Boris Dudorov;1936;1965;1999;PA;Carrier Proponent;High;Dudorov;X
4534;Chief of Navy;Anatoly Vaksmut;1940;1970;1999;PA;Riverine Warfare Doctrine;High;LAnatoly_Petrovich_Vaksmut;X
4535;Chief of Navy;Grigoriy Butakov;1919;1960;1999;FA;Merchant Navy Focus;High;LGrigory_Ivanovich_Butakov;X
4536;Chief of Air Force;Stanislav Stolyarskiy;1937;1959;1999;LWR;Naval Aviation Doctrine;High;LStanislav_Eduardovich_Stolyarsky;X
4537;Chief of Air Force;Ivan Polbin;1946;1970;1999;LWR;Tactical Aviation Doctrine;High;LIvan_Semyonovich_Polbin;X
4538;Chief of Air Force;Iosif Kravtsevich;1918;1964;1999;SC;Aviation Organizer;High;LJuozas_Kraucevicius;X
4539;Chief of Staff;Nikolay Petin;1923;1951;1999;SD;School of Defence;High;L10177;X
4540;Chief of Army;Nikolay Petin;1923;1951;1999;SD;Combat Engineering Doctrine;High;L10177;X
4541;Minister of Armament;Nikolay Petin;1923;1951;1999;SD;Reformer;High;L10177;X
4542;Head of Military Intelligence;Nikolay Petin;1923;1951;1999;SD;Logistics Specialist;High;L10177;X
4543;Chief of Staff;Aleksey Grishin;1920;1954;1999;SC;School of Defence;High;Mgrishin;X
4544;Chief of Army;Aleksey Grishin;1920;1954;1999;SC;Static Defence Doctrine;High;Mgrishin;X
4545;Chief of Staff;Stepan Vysokolyan;1939;1970;1999;SC;School of Defence;High;LStepan_Leontievich_Vysokolyan;X
4546;Chief of Staff;Vladimir Kappel;1920;1949;1999;PA;School of Manoeuvre;High;L500106;X
4547;Chief of Army;Vladimir Kappel;1920;1949;1999;PA;Doctrine of Autonomy;High;L500106;X
4548;Chief of Staff;Oleg Pantyukhov;1930;1970;1999;PA;School of Psychology;High;MOleg_Ivanovich_Pantyukhov;X
4549;Chief of Staff;Evgeniy Messner;1940;1970;1999;PA;Deep Battle Proponent;High;LEvgeny_Eduardovich_Messner;X
4550;Chief of Army;Nikolay Nesterov;1925;1950;1999;ML;Guns and Butter Doctrine;High;LNikolay_Nikolaevich_Nesterov;X
4551;Chief of Army;Vladimir Kharzhevskiy;1936;1970;1999;PA;Armoured Spearhead Doctrine;High;LVladimir_Grigorievich_Kharzhevsky;X
4552;Foreign Minister;Aleksandr Barmin;1940;1970;1999;SD;Biased Intellectual;High;MAlexander_Grigoryevich_Barmin;X
4553;Head of Military Intelligence;Aleksandr Barmin;1940;1970;1999;SD;Political Specialist;High;MAlexander_Grigoryevich_Barmin;X
4554;Foreign Minister;Konstantin Umanskiy;1939;1970;1999;ST;The Cloak N Dagger Schemer;High;MKonstantin_Alexandrovich_Umansky;X
4555;Head of Military Intelligence;Konstantin Umanskiy;1939;1970;1999;ST;Technical Specialist;High;MKonstantin_Alexandrovich_Umansky;X
4556;Foreign Minister;Aleksandr Troyanovskiy;1933;1955;1999;LWR;Great Compromiser;High;MAlexander_Troyanovsky;X
4557;Foreign Minister;Fedor Gusev;1946;1970;1999;LWR;Iron Fisted Brute;High;MFedor_Tarasovich_Gusev;X
4558;Head of Military Intelligence;Pavel Fitin;1939;1970;1999;ST;Dismal Enigma;High;MPavel_Mikhailovich_Fitin;X
4559;Head of Military Intelligence;Aleksandr Korotkov;1946;1970;1999;LWR;Technical Specialist;High;MAlexander_Mikhailovich_Korotkov;X
4560;Head of Military Intelligence;Vasiliy Leontiev;1938;1970;1999;ML;Industrial Specialist;High;M4298;X
4561;Head of Military Intelligence;Semyon Kuznets;1936;1970;1999;SD;Industrial Specialist;High;MSemyon_Abramovich_Kuznets;X
4562;Head of Government;Vladimir Karelin;1936;1970;1999;SD;Pragmatic Statesman;High;MVladimir_Karelin;X
4563;Minister of Security;Vladimir Karelin;1936;1970;1999;SD;Silent Lawyer;High;MVladimir_Karelin;X
4564;Head of State;Vladimir Poremskiy;1950;1970;1999;ML;Die-hard Reformer;High;MVladimir_Dimitrievich_Poremsky;X
4565;Foreign Minister;Vladimir Poremskiy;1944;1970;1999;ML;Ideological Crusader;High;MVladimir_Dimitrievich_Poremsky;X
4566;Minister of Security;Sergey Trubetskoy;1936;1954;1999;SC;Man of the People;High;MSergei_Evgenievich_Trubetskoy;X
4567;Head of Government;Nikolay Vakar;1945;1970;1999;ML;Political Protege;High;MNikolay_Platonovich_Vakar;X
4568;Head of Military Intelligence;Nikolay Vakar;1936;1970;1999;ML;Political Specialist;High;MNikolay_Platonovich_Vakar;X
4569;Head of Government;Nikolai Nekrasov;1936;1954;1999;SL;Ambitious Union Boss;High;MRUS Nekrasov;X
4570;Minister of Armament;Nikolai Nekrasov;1936;1954;1999;SL;Construction Magnate;High;MRUS Nekrasov;X
4571;Head of State;Boris Nikolayevskiy;1936;1966;1999;LWR;Popular Figurehead;High;MBoris_Ivanovich_Nikolayevsky;X
4572;Head of Government;David Dalin;1936;1962;1999;LWR;Happy Amateur;High;MDavid_Yulievich_Dallin;X
4573;Foreign Minister;David Dalin;1936;1962;1999;LWR;Biased Intellectual;High;MDavid_Yulievich_Dallin;X
4574;Foreign Minister;Rafail Abramovich;1936;1963;1999;LWR;Ideological Crusader;High;MRaphael_Abramovitch_Rein;X
4575;Minister of Security;Rafail Abramovich;1936;1963;1999;LWR;Media Magnate;High;MRaphael_Abramovitch_Rein;X
4576;Minister of Armament;Nikolay Valentinov;1936;1964;1999;LWR;Mixed Economy;High;MNikolay_Vladislavovich_Valentinov;X
4577;Minister of Armament;Jacob Marshak;1939;1970;1999;LWR;Keynesian Economy;High;MJacob_Marshak;X
4578;Minister of Security;Georgiy Gurvich;1942;1965;1999;LWR;Silent Lawyer;High;MGeorgy_Davidovich_Gurvich;X
4579;Head of State;Nikolay Markov II;1920;1945;1999;NS;Barking Buffoon;High;MNikolay_Evgenievich_Markov;X
4580;Head of Government;Nikolay Markov II;1920;1945;1999;NS;Flamboyant Tough Guy;High;MNikolay_Evgenievich_Markov;X
4581;Foreign Minister;Nikolay Markov II;1920;1945;1999;NS;Iron Fisted Brute;High;MNikolay_Evgenievich_Markov;X
4582;Head of State;Boris Tedli;1944;1970;1999;NS;Powerhungry Demagogue;High;MBoris_Petrovich_Tedley;X
4583;Foreign Minister;Boris Tedli;1944;1970;1999;NS;Iron Fisted Brute;High;MBoris_Petrovich_Tedley;X
4584;Head of Government;Viktor Larionov;1944;1970;1999;NS;Flamboyant Tough Guy;High;MVictor_Alexandrovich_Larionov;X
4585;Minister of Armament;Viktor Larionov;1936;1970;1999;NS;Infantry Proponent;High;MVictor_Alexandrovich_Larionov;X
4586;Minister of Security;Viktor Larionov;1936;1970;1999;NS;Secret Police Chief;High;MVictor_Alexandrovich_Larionov;X
4587;Head of Military Intelligence;Viktor Larionov;1936;1970;1999;NS;Counterintelligence Specialist;High;MVictor_Alexandrovich_Larionov;X
4588;Head of Government;Sergey Taboritskiy;1941;1970;1999;NS;Local Tyrant;High;MSergey_Taboritsky;X
4589;Minister of Security;Sergey Taboritskiy;1941;1970;1999;NS;Back Stabber;High;MSergey_Taboritsky;X
4590;Foreign Minister;Vasiliy Orekhov;1937;1970;1999;FA;Ideological Crusader;High;MVasily_Vasilievich_Orekhov;X
4591;Minister of Armament;Vasiliy Orekhov;1937;1970;1999;FA;Construction Magnate;High;MVasily_Vasilievich_Orekhov;X
4592;Foreign Minister;Sergey Voitsekhovskiy;1942;1970;1999;FA;The Cloak N Dagger Schemer;High;MSergei_Lvovich_Voitsekhovsky;X
4593;Head of Military Intelligence;Sergey Voitsekhovskiy;1942;1970;1999;FA;Political Specialist;High;MSergei_Lvovich_Voitsekhovsky;X
4594;Minister of Armament;Yuriy Meyer;1936;1970;1999;FA;Military Entrepreneur;High;MYuri_Konstantinovich_Meyer;X
4595;Minister of Security;Yuriy Meyer;1940;1970;1999;FA;Efficient Sociopath;High;MYuri_Konstantinovich_Meyer;X
4596;Minister of Security;Ivan Solonevich;1936;1953;1999;FA;Media Magnate;High;MIvan_Lukyanovich_Solonevich;X
4597;Minister of Security;Boris Solonevich;1936;1970;1999;FA;Health and Safety;High;MBoris_Lukyanovich_Solonevich;X
4598;Minister of Security;Maria Zakharchenko-Schultz;1930;1960;1999;NS;Prince of Terror;High;MMaria_Zakharchenko-Schultz;X
4599;Head of Military Intelligence;Maria Zakharchenko-Schultz;1930;1960;1999;NS;Dismal Enigma;High;MMaria_Zakharchenko-Schultz;X
4600;Foreign Minister;Sergey Tretyakov;1936;1957;1999;ML;Apologetic Clerk;High;MSergei_Nikolaevich_Tretyakov;X
4601;Minister of Armament;Sergey Tretyakov;1936;1957;1999;ML;Laissez-Faire Capitalist;High;MSergei_Nikolaevich_Tretyakov;X
4602;Head of Military Intelligence;Sergey Tretyakov;1936;1957;1999;ML;Industrial Specialist;High;MSergei_Nikolaevich_Tretyakov;X
4603;Foreign Minister;Semyon Nedachin;1936;1960;1999;PA;The Cloak N Dagger Schemer;High;MSemyon_Vasilievich_Nedachin;X
4604;Head of Military Intelligence;Semyon Nedachin;1936;1960;1999;PA;Counterintelligence Specialist;High;MSemyon_Vasilievich_Nedachin;X
4605;Minister of Armament;Nikolai Petrov;1936;1964;1999;SD;Planned Economy Proponent;High;MNikolai_Innokentievich_Petrov;X
4606;Minister of Armament;Nikolay Zefirov;1936;1964;1999;SL;Planned Economy Proponent;High;MNikolay_Stepanovich_Zefirov;X
4607;Minister of Armament;Georgiy Gins;1936;1970;1999;SL;Keynesian Economy;High;MGeorgy_Konstantinovich_Hins;X
4608;Minister of Security;Georgiy Gins;1936;1970;1999;SL;Compassionate Gentleman;High;MGeorgy_Konstantinovich_Hins;X
4609;Minister of Armament;Georgiy Telberg;1936;1954;1999;ML;Mixed Economy;High;MGeorgy_Gustavovich_Telberg;X
4610;Minister of Security;Georgiy Telberg;1936;1954;1999;ML;Silent Lawyer;High;MGeorgy_Gustavovich_Telberg;X
4611;Chief of Staff;Mikhail Matkovskiy;1945;1970;1999;FA;School of Defence;High;LMikhail_Alekseevich_Matkovsky;X
4612;Head of Military Intelligence;Mikhail Matkovskiy;1945;1970;1999;FA;Industrial Specialist;High;LMikhail_Alekseevich_Matkovsky;X
4613;Chief of Army;Leonid Govorov;1946;1964;1999;SD;Innovative Artillery Officer;High;L9961;X
4614;Chief of Staff;Leonid Govorov;1946;1964;1999;SD;School of Fire Support;High;L9961;X
4615;Chief of Air Force;Leonid Govorov;1946;1964;1999;SD;Air Defence Doctrine;High;L9961;X
4616;Minister of Armament;Leonid Govorov;1946;1964;1999;SD;Artillery Proponent;High;L9961;X
4617;Chief of Staff;Apollon Kruze;1941;1967;1999;SC;School of Psychology;High;LApollon_Kruze;X
4618;Chief of Army;Apollon Kruze;1941;1967;1999;SC;Doctrine of Autonomy;High;LApollon_Kruze;X
4619;Minister of Armament;Apollon Kruze;1941;1967;1999;SC;Infantry Proponent;High;LApollon_Kruze;X
4620;Head of Military Intelligence;Apollon Kruze;1941;1967;1999;SC;Logistics Specialist;High;LApollon_Kruze;X
4650;Minister of Armament;Kirill Sinelnikov;1936;1967;1999;SL;Theoretical Scientist;Medium;MKirill_Sinelnikov;X
4651;Minister of Armament;Mikhail Bondarenko;1937;1964;1999;ST;Administrative Genius;Medium;M518091;X
4652;Head of Military Intelligence;Nikolai Yegipko;1943;1970;1999;LWR;Naval Intelligence Specialist;High;LNikolai_Yegipko;X
4653;Head of Military Intelligence;Semyon Uritsky;1936;1964;1999;LWR;Technical Specialist;High;LSemyon_Uritsky;X
4654;Minister of Armament;Stepan Tymoshenko;1936;1970;1999;SL;Construction Magnate;High;MStepan_Tymoshenko;X
4655;Foreign Minister;Stepan Vytvytskyi;1936;1965;1999;SD;General Staffer;High;MStepan_Vytvytskyi;X
4656;Head of Military Intelligence;Svyatoslav Shramchenko;1936;1964;1999;SC;Naval Intelligence Specialist;High;KR_Shramchenko;X
4657;Minister of Security;Valentin Sadovsky;1936;1956;1999;SD;Compassionate Gentleman;High;MValentin_Sadovsky;X
4658;Minister of Armament;Valentin Sadovsky;1936;1956;1999;SD;Keynesian Economy;High;MValentin_Sadovsky;X
4659;Chief of Navy;Aleksey Danchenko;1945;1970;1999;LE;Merchant Navy Focus;High;MAlexey_Evgenievich_Danchenko;X
4660;Chief of Navy;Georgiy Mezentsev;1939;1970;1999;ML;Merchant Navy Focus;High;MGeorgy_Afanasevich_Mezentsev;X
4800;Minister of Armament;Nikolay Alyakrinskiy;1938;1966;1999;ML;Brilliant Marine Engineer;High;MNikolai_Vladimirovich_Alyakrinsky;X
4801;Minister of Armament;Vladimir Genzel;1947;1970;1999;SC;Oil Baron;High;MVladimir_Haensel;X
4802;Chief of Staff;Wilhelm Yevgenyevich von Garf;1930;1955;1999;ML;School of Psychology;High;LWilhelm_Evgenievich_Garf;X
4803;Chief of Army;Wilhelm Yevgenyevich von Garf;1930;1955;1999;ML;Guns and Butter Doctrine;High;LWilhelm_Evgenievich_Garf;X
4804;Head of Military Intelligence;Wilhelm Yevgenyevich von Garf;1930;1955;1999;ML;Logistics Specialist;High;LWilhelm_Evgenievich_Garf;X
4805;Chief of Air Force;Vadim Germonius;1936;1965;1999;SL;Air Defence Doctrine;High;LVadim_Eduardovich_Germonius;X
4806;Chief of Air Force;Boris Bazenkov;1936;1968;1999;ML;Naval Aviation Doctrine;High;LBoris_Ilyich_Bazenkov;X
4807;Minister of Armament;Boris Bazenkov;1936;1968;1999;ML;Air to Sea Proponent;High;LBoris_Ilyich_Bazenkov;X
